month,sku,net_sales,gross_sales,orders,net_items_sold
2025-07,UNKNOWN,43.8,43.8,1,2
2025-08,UNKNOWN,50.7,50.7,1,3
2025-09,UNKNOWN,3566.37,4000.56,122,209
2025-09,VV-VITA-223,2039.49,2354.96,60,103
2025-09,VV-VITA-197,1156.5,1467.75,3,61
2025-09,VV-VITA-243,1116.81,1330.72,29,59
2025-09,VV-VITA-320,1067.38,1206.99,38,50
2025-09,VV-VITA-231,923.35,970.48,20,37
2025-09,VV-VITA-228,835.4,905.45,35,41
2025-09,VV-VITA-355,782.86,801.31,19,35
2025-09,VV-VITA-172,768.97,1017.72,2,51
2025-09,VV-VITA-127,740.75,872.48,17,36
2025-09,VV-VITA-224,692.99,789.23,24,39
2025-09,VV-VITA-142,643.27,713.2,17,30
2025-09,VV-VITA-329,633.55,694.84,25,36
2025-09,VV-VITA-159,633.15,711.9,14,29
2025-09,VV-VITA-311,628.06,671.4,21,35
2025-09,TU-QNYD-JRRX,614.25,945,1,50
2025-09,BJ-E223-8EKW,578.2,615.69,17,23
2025-09,VV-VITA-364,546.88,555.57,18,26
2025-09,VV-VITA-310,521.31,580.15,13,25
2025-09,VV-VITA-50,500.37,621.81,13,32
2025-09,VV-VITA-247,486.78,552.44,9,27
2025-09,VV-VITA-146,484.73,564.94,11,30
2025-09,VV-VITA-259,469.21,533.49,12,21
2025-09,VV-VITA-198,462.87,560.99,11,29
2025-09,VV-VITA-287,455.38,490.47,16,24
2025-09,VV-VITA-122,434.68,465.53,16,22
2025-09,VV-VITA-124,420.51,437.38,12,18
2025-09,VV-VITA-158,409.88,432.21,12,15
2025-09,VV-VITA-276,403.08,443.08,11,18
2025-09,VV-VITA-93,360.63,377.53,11,22
2025-09,VV-VITA-31,351.5,394.2,9,18
2025-09,VV-VITA-354,342.47,354.08,8,16
2025-09,VV-VITA-203,340.68,362.21,14,19
2025-09,VV-VITA-249,338.19,406.3,4,17
2025-09,VV-VITA-86,337.04,341.95,10,16
2025-09,VV-VITA-237,331.91,384.21,11,20
2025-09,VV-VITA-222,326.74,333.91,14,14
2025-09,VV-VITA-165,326.63,332.08,9,12
2025-09,VV-VITA-352,322.09,339.67,12,15
2025-09,VV-VITA-225,320.08,333.66,10,16
2025-09,VV-VITA-173,305.19,317.92,12,17
2025-09,VV-VITA-151,304.3,353.77,9,15
2025-09,VV-VITA-208,293.53,398,4,20
2025-09,VV-VITA-367,287.84,311.4,14,17
2025-09,VV-VITA-256,284.66,284.66,10,13
2025-09,VV-VITA-361,283.74,304.09,13,17
2025-09,VV-VITA-57-V,281.25,326.61,5,9
2025-09,VV-VITA-381,276.7,284.15,13,18
2025-09,VV-VITA-301,271.29,297.6,13,16
2025-09,VV-VITA-49,256.95,322.84,12,17
2025-09,VV-VITA-94,251.06,269.43,8,10
2025-09,VV-VITA-171,245.36,275.98,8,10
2025-09,VV-VITA-155,243.66,249.93,8,12
2025-09,VV-VITA-63,243.23,258.45,9,12
2025-09,VV-VITA-116,243.21,287.08,10,16
2025-09,VV-VITA-46,229.19,261.39,7,13
2025-09,VV-VITA-257,211.89,211.89,5,8
2025-09,VV-VITA-38,204.88,209.25,12,13
2025-09,VV-VITA-248,197.73,249.32,10,9
2025-09,VV-VITA-121,191.51,205.51,8,10
2025-09,VV-VITA-313,184.56,184.56,7,9
2025-09,VV-VITA-338,183.87,193.82,9,10
2025-09,VV-VITA-363,183.65,190.98,9,12
2025-09,VV-VITA-202,175.03,175.03,5,10
2025-09,VV-VITA-298,174.36,230.46,5,10
2025-09,VV-VITA-308,171.97,193.33,8,8
2025-09,VV-VITA-186,167.71,172.89,5,7
2025-09,VV-VITA-230,164.97,174.86,6,7
2025-09,VV-VITA-88,164.26,169.04,5,7
2025-09,VV-VITA-358,163.38,182.28,6,9
2025-09,VV-VITA-387,159.33,170.56,4,6
2025-09,VV-VITA-206,152.61,167.68,6,9
2025-09,VV-VITA-317,152.42,154.45,6,8
2025-09,VV-VITA-345,151.8,156.38,6,7
2025-09,VV-VITA-106,150.64,206.8,5,9
2025-09,VV-ALO-06,142.34,165.43,7,8
2025-09,VV-VITA-376,137.77,144.41,7,9
2025-09,NX-CVPF-VCEZ,136.77,146.17,5,7
2025-09,VV-VITA-258,133.78,171.57,5,9
2025-09,CW-KVIN-V39Y,129.68,136.99,4,6
2025-09,VV-VITA-109,128.01,131.59,6,7
2025-09,VV-VITA-379,126.63,139.16,6,8
2025-09,VV-VITA-326,126.02,128.19,6,6
2025-09,VV-VITA-314,122.7,127.78,8,8
2025-09,VV-VITA-351,121.15,121.15,4,6
2025-09,VV-VITA-356,118.28,120.07,5,7
2025-09,VV-VITA-101,116.97,122.15,5,5
2025-09,VV-VITA-304,114.2,121.65,8,8
2025-09,VV-VITA-57-V2,112.88,117.79,4,5
2025-09,VV-VITA-359,112.72,134.55,3,7
2025-09,VI-ZU99-SZ0B,107.83,123.94,6,7
2025-09,VV-VITA-295,105.82,118.9,4,5
2025-09,VV-VITA-336,104.48,139.3,2,7
2025-09,VV-VITA-168,104.03,106.29,4,5
2025-09,VV-VITA-368,101.98,112.31,6,6
2025-09,VV-VITA-277,90.99,126.46,4,8
2025-09,VV-VITA-369,87.51,87.51,2,5
2025-09,VV-VITA-215,86.94,113.4,2,6
2025-09,VV-VITA-377,85.97,88.95,6,6
2025-09,VV-VITA-119,83.68,94.27,4,5
2025-09,VV-VITA-371,82.2,96.22,5,6
2025-09,VV-VITA-342,80.9,80.9,3,4
2025-09,CP-DQMG-RVN9,79.12,85.69,2,4
2025-09,VV-VITA-357,77.49,94.5,4,5
2025-09,VV-VITA-264,75.11,77.7,3,3
2025-09,VV-VITA-107,72.72,72.72,2,4
2025-09,VV-VITA-190,71.64,79.6,3,4
2025-09,VV-VITA-183,70.31,72.86,3,3
2025-09,VV-VITA-262,70.2,81.31,3,4
2025-09,VV-VITA-388,69.15,105.94,9,6
2025-09,VV-VITA-90,67.88,82.51,3,4
2025-09,VV-VITA-284,67.09,67.09,3,3
2025-09,VV-VITA-170,61.43,94.5,1,5
2025-09,VV-VITA-343,60.7,60.7,2,3
2025-09,VV-VITA-341,60.48,63.51,4,4
2025-09,VV-VITA-111,57.98,57.98,3,3
2025-09,VV-VITA-297,56.41,56.41,2,3
2025-09,VV-VITA-39,54.52,54.52,1,3
2025-09,VV-VITA-316,53.78,53.78,3,3
2025-09,VV-VITA-189,52.56,65.7,1,3
2025-09,VV-VITA-382,49.14,52.92,3,3
2025-09,VV-VITA-250,47.99,51.57,3,3
2025-09,VV-VITA-378,41.9,41.9,3,3
2025-09,VV-VITA-319,39.82,39.82,1,2
2025-09,VV-VITA-366,39.38,43.89,3,3
2025-09,VV-VITA-204,35.83,35.83,1,2
2025-09,VV-VITA-102,35.09,37.08,2,2
2025-09,VV-VITA-375,32.77,34.19,2,2
2025-09,VV-VITA-303,31.77,33.44,2,2
2025-09,VV-VITA-365,30.96,30.96,2,2
2025-09,VV-VITA-346,30.89,30.89,1,2
2025-09,VV-VITA-383,30.43,35.8,2,2
2025-09,VV-VITA-136,27.87,39.8,2,2
2025-09,VV-VITA-380,26.41,27.8,2,2
2025-09,VV-VITA-216,20.9,20.9,1,1
2025-09,VV-VITA-337,20.82,20.82,1,1
2025-09,VV-VITA-386,16.43,21.9,1,1
2025-09,VV-VITA-166,12.94,19.9,1,1
2025-10,VV-VITA-197,5914.26,7871.02,15,317
2025-10,UNKNOWN,4052.38,4809.39,150,252
2025-10,VV-VITA-106,3830.45,5009.53,14,219
2025-10,VV-VITA-223,2994.81,3447.76,103,148
2025-10,VV-VITA-320,2758.5,3061.51,83,126
2025-10,VV-VITA-243,2735.5,3345.83,74,151
2025-10,VV-VITA-228,2225.2,2562.44,74,114
2025-10,TU-QNYD-JRRX,1931.11,2997.18,11,159
2025-10,VV-VITA-364,1666.68,1777.78,46,80
2025-10,VV-VITA-231,1564.48,1766.23,42,61
2025-10,VV-VITA-127,1436.61,1587.29,30,66
2025-10,VV-VITA-159,1250.59,1591.66,28,63
2025-10,VV-VITA-308,1239.89,1539.14,21,61
2025-10,VV-VITA-158,1166.64,1325.51,28,45
2025-10,VV-VITA-329,1120.83,1284.94,46,67
2025-10,VV-VITA-94,1082.18,1223.53,32,48
2025-10,VV-VITA-224,1066.23,1173.05,34,58
2025-10,VV-VITA-342,953.89,1102.38,29,52
2025-10,VV-VITA-142,889.5,1043.13,19,44
2025-10,VV-VITA-287,888.57,981.76,33,49
2025-10,VV-VITA-124,886.16,1009.78,22,43
2025-10,VV-VITA-203,872.19,985.68,29,50
2025-10,BJ-E223-8EKW,864.75,980.19,28,35
2025-10,VV-VITA-276,833.39,1013.37,22,41
2025-10,VV-VITA-225,810.59,841.9,27,39
2025-10,VV-VITA-354,801.6,1055.8,21,48
2025-10,VV-VITA-50,779.38,948.67,23,47
2025-10,VV-VITA-171,772.23,836.88,20,31
2025-10,VV-VITA-311,751.55,793.77,33,41
2025-10,VV-VITA-259,742.69,810.26,15,32
2025-10,VV-VITA-222,729.85,840.75,23,36
2025-10,VV-VITA-101,633.67,725.26,22,30
2025-10,VV-VITA-355,628.72,769.83,22,33
2025-10,VV-VITA-165,626.49,676.64,13,24
2025-10,VV-VITA-381,612.59,688.58,21,46
2025-10,VV-VITA-230,607.31,747.15,13,30
2025-10,VV-VITA-249,600.33,678.87,17,29
2025-10,VV-VITA-172,599.27,801.63,6,40
2025-10,VV-VITA-339,591.53,637.77,21,31
2025-10,VV-VITA-88,566.68,694.8,13,29
2025-10,VV-VITA-122,555.08,658.62,20,30
2025-10,VV-VITA-49,538.44,629.23,23,32
2025-10,VV-VITA-183,530.23,718.61,9,28
2025-10,VV-VITA-310,526.73,640.38,10,27
2025-10,VV-VITA-119,524.92,586.85,17,32
2025-10,VV-VITA-298,503.46,597.17,19,26
2025-10,VV-VITA-215,495.99,622.09,15,33
2025-10,VV-VITA-317,487.13,600.79,10,31
2025-10,VV-VITA-57-V,470.29,527.62,9,14
2025-10,VV-VITA-153,466.96,518.19,19,26
2025-10,VV-VITA-313,466.56,549.51,15,28
2025-10,VV-VITA-31,458.81,515.53,12,24
2025-10,VV-VITA-38,448.22,480.96,25,32
2025-10,VV-VITA-379,448.03,489.74,17,27
2025-10,VV-VITA-151,435.86,463.53,15,19
2025-10,VV-VITA-173,434.29,545.76,12,28
2025-10,VV-VITA-155,431.79,514.33,16,24
2025-10,VV-VITA-338,426.64,447.39,17,25
2025-10,VV-VITA-367,422.4,497.47,21,27
2025-10,VV-VITA-237,412.14,523.58,14,25
2025-10,VV-VITA-146,408.12,472.3,17,25
2025-10,VV-VITA-371,407.22,519.13,9,32
2025-10,VV-VITA-383,406.07,538.07,10,30
2025-10,VV-VITA-247,383.8,526.07,18,22
2025-10,VV-VITA-93,378.14,510.32,12,30
2025-10,VV-VITA-301,369.58,416.45,16,22
2025-10,VI-ZU99-SZ0B,364.43,397.9,13,23
2025-10,VV-VITA-395,346.1,454.77,10,24
2025-10,VV-VITA-250,340.16,380.93,6,21
2025-10,VV-VITA-102,339.08,426.09,6,22
2025-10,VV-VITA-86,334.8,387.2,11,18
2025-10,VV-VITA-257,334.24,383.48,8,15
2025-10,VV-VITA-136,334.19,406.69,11,19
2025-10,NX-CVPF-VCEZ,333.94,386.89,12,18
2025-10,VV-VITA-356,332.94,332.94,14,19
2025-10,VV-VITA-388,331.97,339.68,26,30
2025-10,VV-VITA-363,330.34,400.17,10,24
2025-10,VV-VITA-341,328.77,354.3,19,22
2025-10,VV-VITA-361,326.45,367.26,17,20
2025-10,VV-VITA-116,321.45,342.59,11,19
2025-10,VV-VITA-252,310.55,388.8,9,17
2025-10,VV-VITA-111,302.85,370.44,10,18
2025-10,VV-VITA-304,287.95,326.52,17,20
2025-10,VV-VITA-345,271.56,280.89,8,12
2025-10,VV-VITA-121,271.14,337.32,11,14
2025-10,VV-VITA-166,257.34,289.89,9,14
2025-10,VV-VITA-46,251.93,315.49,6,15
2025-10,VV-VITA-258,251.1,269.45,3,14
2025-10,VV-VITA-57-V2,246.87,258.83,7,11
2025-10,VV-VITA-90,242.32,285.14,6,14
2025-10,VV-VITA-377,234.88,261.49,9,16
2025-10,VV-ALO-06,233.71,233.71,11,12
2025-10,VV-VITA-326,229.63,319.09,5,13
2025-10,VV-VITA-359,224.89,286.87,7,15
2025-10,VV-VITA-366,220.94,273.02,7,18
2025-10,VV-VITA-186,216.73,229.45,8,9
2025-10,VV-VITA-189,216.37,256.86,6,12
2025-10,VV-VITA-202,214.74,247.81,10,15
2025-10,VV-VITA-188,209.01,217.26,8,12
2025-10,VV-VITA-386,205.88,233.12,9,9
2025-10,VV-VITA-198,196.71,208.52,8,11
2025-10,VV-VITA-358,195.96,265.7,6,14
2025-10,VV-VITA-368,195.69,197.48,9,11
2025-10,VV-VITA-109,189.91,225.41,8,11
2025-10,VV-VITA-39,181.73,220.12,8,11
2025-10,CW-KVIN-V39Y,175.85,216.66,6,9
2025-10,VV-VITA-387,175.22,182.8,7,7
2025-10,VV-VITA-352,174.48,200.94,7,9
2025-10,CP-DQMG-RVN9,164.08,176.15,7,8
2025-10,VV-VITA-303,162.25,191.2,9,10
2025-10,VV-VITA-376,157.56,158.5,8,10
2025-10,VV-VITA-372,147.42,226.8,1,12
2025-10,VV-VITA-264,146.98,146.98,6,6
2025-10,VV-VITA-216,144.3,179.1,5,9
2025-10,VV-VITA-170,142.24,189.49,4,10
2025-10,VV-VITA-314,139.76,144.83,6,9
2025-10,VV-VITA-284,135.46,159,6,7
2025-10,VV-VITA-204,126.73,145.37,6,8
2025-10,VV-VITA-380,120.86,148.81,6,11
2025-10,VV-VITA-190,105.5,140.3,3,7
2025-10,VV-VITA-104,105.27,125.94,3,6
2025-10,VV-VITA-351,94.18,102.42,5,5
2025-10,VV-VITA-107,93.08,126.13,3,7
2025-10,VV-VITA-331,90.92,113.42,3,6
2025-10,VV-VITA-382,88.98,94.85,5,5
2025-10,VV-VITA-63,88.55,129.51,5,5
2025-10,VV-VITA-369,84.74,93.52,4,5
2025-10,VV-VITA-256,83.02,89.61,4,4
2025-10,VV-VITA-316,81.95,90.58,5,5
2025-10,VV-VITA-378,79.11,83.76,4,6
2025-10,VV-VITA-343,74.23,77.73,4,4
2025-10,VV-VITA-262,72.55,87.05,2,4
2025-10,VV-VITA-349,71.42,71.42,3,4
2025-10,VV-VITA-206,58.2,89.5,1,5
2025-10,VV-VITA-373,56.5,68.04,4,5
2025-10,VV-VITA-365,55.63,57.12,4,4
2025-10,VV-VITA-02,54.52,54.52,1,3
2025-10,VV-VITA-277,52.61,57.42,3,4
2025-10,VV-VITA-336,48.56,54.51,2,3
2025-10,VV-VITA-307,47.61,58.14,3,4
2025-10,VV-VITA-168,46.62,46.62,2,2
2025-10,VV-VITA-375,45.87,45.87,3,3
2025-10,VV-VITA-295,42.03,62.7,3,2
2025-10,VV-VITA-357,38.98,38.98,1,2
2025-10,VV-VITA-129,34.02,34.02,2,2
2025-10,VV-VITA-297,31.84,31.84,1,2
2025-10,VV-VITA-350,29.35,38.15,2,2
2025-10,VV-VITA-248,20.82,20.82,1,1
2025-10,VV-VITA-319,20.44,20.44,1,1
2025-10,VV-VITA-385,13.52,16.9,1,1
2025-11,VV-VITA-197,7640.78,10813.68,15,457
2025-11,UNKNOWN,6728.87,7803.85,278,443
2025-11,TU-QNYD-JRRX,4734.21,7034.45,29,390
2025-11,VV-VITA-223,3813.11,4333.67,126,185
2025-11,VV-VITA-243,3000.08,3421.57,102,170
2025-11,VV-VITA-320,2627.47,2889.25,98,126
2025-11,VV-VITA-342,1900.64,2140.78,65,100
2025-11,VV-VITA-364,1806.11,2064.26,57,94
2025-11,VV-VITA-228,1803.19,1956.38,70,87
2025-11,VV-VITA-231,1696.99,1851.26,50,69
2025-11,VV-VITA-94,1675.56,2048.07,38,81
2025-11,BJ-E223-8EKW,1386.03,1470.21,38,53
2025-11,VV-VITA-230,1356.3,1583.55,40,66
2025-11,VV-VITA-329,1297.91,1384.29,41,74
2025-11,VV-VITA-46,1273.48,1458.71,47,75
2025-11,VV-VITA-158,1148.81,1393.34,33,49
2025-11,VV-VITA-248,1146.97,1330.77,34,59
2025-11,VV-VITA-224,1132.69,1240.12,42,61
2025-11,VV-VITA-203,1068.44,1231.45,38,65
2025-11,VV-VITA-222,1065.3,1195.35,28,50
2025-11,VV-VITA-106,1047.4,1342.59,8,59
2025-11,VV-VITA-225,1024.81,1156.11,31,53
2025-11,VV-VITA-314,999.69,1073.83,48,66
2025-11,VV-VITA-171,986.45,1054.53,23,39
2025-11,VV-VITA-247,933.88,1097.32,25,56
2025-11,VV-VITA-287,911.38,1029.28,25,52
2025-11,VV-VITA-49,910.15,1036.17,39,54
2025-11,VV-VITA-352,891.29,967.17,29,41
2025-11,VV-VITA-355,878.71,980.07,28,41
2025-11,VV-VITA-155,870.89,1033.85,26,49
2025-11,VV-VITA-237,870.58,987.6,29,53
2025-11,VV-VITA-276,862.61,1002.39,22,41
2025-11,VV-VITA-124,850.8,899.61,26,40
2025-11,VV-VITA-301,822.59,882.12,39,46
2025-11,VV-VITA-159,817.42,934.31,25,39
2025-11,VV-VITA-151,806.86,936.62,33,41
2025-11,VV-VITA-153,795.51,926.92,43,47
2025-11,VV-VITA-101,793.12,871.42,25,39
2025-11,VV-VITA-86,774.44,828.58,25,40
2025-11,VV-VITA-173,763.91,884.04,31,47
2025-11,VV-VITA-354,751.05,853.79,25,38
2025-11,VV-VITA-311,749.5,834.42,24,47
2025-11,VV-VITA-338,739.58,790.9,31,42
2025-11,VV-VITA-122,738.42,842.03,33,42
2025-11,VV-VITA-172,711.68,929.04,8,48
2025-11,VV-VITA-372,699.17,804.18,20,44
2025-11,VV-VITA-127,695.85,765.99,21,34
2025-11,VV-VITA-259,670.92,750.7,21,30
2025-11,CW-KVIN-V39Y,656.7,754.89,18,32
2025-11,VV-VITA-183,648.59,706.28,21,28
2025-11,VV-VITA-341,643.3,675.92,31,44
2025-11,VV-VITA-142,642.69,743.25,11,32
2025-11,VV-VITA-93,630.15,781.94,11,46
2025-11,VV-VITA-57-V,612.2,713.02,10,19
2025-11,VV-VITA-165,601.73,651.42,15,23
2025-11,VV-VITA-284,590.55,662.65,13,29
2025-11,VV-VITA-361,577.51,634.3,29,36
2025-11,VV-VITA-249,563.85,638.04,21,28
2025-11,VV-VITA-395,561.16,612.16,32,33
2025-11,VV-VITA-356,525.23,557.93,23,33
2025-11,VV-VITA-313,521.49,568.72,23,30
2025-11,VV-VITA-215,478.46,546.49,13,29
2025-11,VV-VITA-57-V2,472.18,523.47,3,22
2025-11,VV-ALO-06,468.26,518.38,15,27
2025-11,NX-CVPF-VCEZ,466.66,482.46,13,24
2025-11,VV-VITA-90,465.08,481.09,17,25
2025-11,VV-VITA-298,462.99,558.84,17,25
2025-11,VV-VITA-38,454.01,498.15,27,30
2025-11,VV-VITA-256,445.9,474.81,12,22
2025-11,VV-VITA-50,442.46,554.15,17,28
2025-11,VV-VITA-368,441.95,484.51,16,27
2025-11,VV-VITA-31,439.63,456.05,14,21
2025-11,VV-VITA-39,437.07,498.17,13,24
2025-11,VV-VITA-367,424.53,449.03,23,24
2025-11,VV-VITA-198,421.65,488.5,17,26
2025-11,VV-VITA-308,408.49,532.89,14,21
2025-11,VV-VITA-358,406.78,432.65,19,34
2025-11,VV-VITA-121,397.39,439.86,17,21
2025-11,VV-VITA-316,395.8,489.88,10,25
2025-11,VV-VITA-258,384.09,432,12,24
2025-11,VV-VITA-326,370.95,400.05,12,17
2025-11,VV-VITA-359,366.18,385.75,10,20
2025-11,VV-VITA-146,364.38,405.44,17,21
2025-11,VV-VITA-376,364.33,411.61,14,26
2025-11,VV-VITA-310,355.52,388.18,11,17
2025-11,VV-VITA-389,348.94,395.41,10,17
2025-11,VV-VITA-119,344.76,350.35,12,21
2025-11,VV-VITA-206,330.36,387.84,11,23
2025-11,VV-VITA-344,329.65,352.76,8,16
2025-11,VV-VITA-109,326.6,346.63,13,19
2025-11,VV-VITA-170,318.52,397.89,12,22
2025-11,VV-VITA-199,317.92,394.12,9,21
2025-11,VV-VITA-386,314.6,366.06,9,17
2025-11,VV-VITA-264,313.17,401.32,6,15
2025-11,VV-VITA-204,298.05,406.61,6,22
2025-11,VI-ZU99-SZ0B,291.99,308.17,15,18
2025-11,VV-VITA-63,290.41,302.17,12,15
2025-11,VV-VITA-318,289.46,359.29,10,20
2025-11,VV-VITA-252,283.83,336.67,12,14
2025-11,VV-VITA-331,279.06,286.76,17,24
2025-11,VV-VITA-390,276.1,320.02,9,15
2025-11,VV-VITA-257,267.57,277.48,5,11
2025-11,VV-VITA-207,261.37,325.54,8,17
2025-11,VV-VITA-188,260.95,307.68,8,18
2025-11,VV-VITA-391,248.05,289.06,8,14
2025-11,VV-VITA-377,247.45,281.49,15,19
2025-11,VV-VITA-379,242.34,316.25,12,15
2025-11,VV-VITA-339,238.51,253.9,12,13
2025-11,VV-VITA-371,235.7,276.41,8,14
2025-11,VV-VITA-387,229.17,280.48,8,10
2025-11,VV-VITA-317,222.64,236.11,7,12
2025-11,VV-VITA-286,218.58,264.63,6,13
2025-11,VV-VITA-304,214.81,261.02,11,17
2025-11,VV-VITA-351,203.49,224.5,7,10
2025-11,VV-VITA-385,191.97,207.39,5,11
2025-11,VV-VITA-277,188.52,196.76,13,16
2025-11,VV-VITA-166,183.59,194.04,6,11
2025-11,VV-VITA-116,182.12,217.71,12,13
2025-11,VV-VITA-186,174.83,200.16,7,8
2025-11,VV-VITA-297,171.01,244.53,6,10
2025-11,VV-VITA-319,169.87,210.74,5,11
2025-11,VV-VITA-336,165.93,177.87,6,9
2025-11,VV-VITA-250,160.94,164.37,8,10
2025-11,VV-VITA-136,156.99,181.19,8,8
2025-11,VV-VITA-378,156.64,163.09,4,12
2025-11,VV-VITA-295,155.29,175.03,6,8
2025-11,VV-VITA-382,152.99,166.8,8,9
2025-11,VV-VITA-190,152.1,155.26,3,9
2025-11,CP-DQMG-RVN9,150.75,174.64,5,8
2025-11,VV-VITA-349,146.61,153.37,4,9
2025-11,VV-VITA-363,141.43,198.72,8,12
2025-11,VV-VITA-262,138.92,147.5,5,7
2025-11,VV-VITA-357,137.38,140.26,9,15
2025-11,VV-VITA-105,127.06,132.7,7,7
2025-11,VV-VITA-189,124.05,128.11,6,6
2025-11,VV-VITA-375,112.73,135.17,7,8
2025-11,VV-VITA-346,108.72,114.44,6,8
2025-11,VV-VITA-168,87.37,94.41,4,4
2025-11,VV-VITA-369,80.54,82.13,5,5
2025-11,VV-VITA-111,78.36,103.59,4,5
2025-11,VV-VITA-345,77.56,79.7,3,4
2025-11,VV-VITA-343,76.82,80.26,6,7
2025-11,VV-VITA-383,76.22,83.58,5,5
2025-11,VV-VITA-362,76.02,102.78,3,5
2025-11,VV-VITA-307,75,84.18,3,6
2025-11,VV-VITA-373,62.01,65.47,6,7
2025-11,VV-VITA-157,58.89,67.73,4,5
2025-11,VV-VITA-365,54.62,75.59,3,5
2025-11,VV-VITA-388,48.39,51.75,5,5
2025-11,VV-VITA-380,42.89,46.33,3,3
2025-11,VV-VITA-394,38.36,42.62,2,2
2025-11,VV-VITA-303,32.65,34.52,2,2
2025-11,VV-VITA-393,22.45,43.35,2,1
2025-11,VV-VITA-403,18.96,19.9,1,1
2025-11,VV-VITA-104,17.18,17.18,1,1
2025-11,VV-VITA-107,17.18,17.18,1,1
2025-11,VV-VITA-102,16.45,16.45,1,1
2025-12,UNKNOWN,5675.32,6653.03,214,361
2025-12,VV-VITA-197,5237.67,7617.98,10,306
2025-12,VV-VITA-364,2412.43,2672.9,76,123
2025-12,VV-VITA-320,2360.21,2522.61,86,113
2025-12,VV-VITA-106,2146.24,2752.74,13,121
2025-12,TU-QNYD-JRRX,2029.18,2966.88,16,158
2025-12,VV-VITA-127,1620.01,1718.17,35,72
2025-12,VV-VITA-342,1511.96,1722.11,52,81
2025-12,VV-VITA-223,1471.4,1604.21,49,68
2025-12,VV-VITA-329,1378.82,1431.77,50,76
2025-12,VV-VITA-203,1316.58,1421.38,55,75
2025-12,VV-VITA-208,1176.62,1276.17,21,65
2025-12,VV-VITA-153,1143.62,1444.39,45,68
2025-12,VV-VITA-159,1092.52,1276.18,28,51
2025-12,VV-VITA-355,1068.38,1153.16,32,49
2025-12,VV-VITA-311,1040.64,1114.94,44,59
2025-12,VV-VITA-173,1026,1223.17,24,63
2025-12,VV-VITA-94,1006.35,1219.02,28,47
2025-12,VV-VITA-352,964.82,1048.67,31,45
2025-12,VV-VITA-314,954.97,1047.75,49,64
2025-12,VV-VITA-248,951.86,1025.29,31,47
2025-12,VV-VITA-344,898.5,973.31,36,38
2025-12,VV-VITA-225,894.92,966.59,21,45
2025-12,VV-VITA-158,885.25,989.15,25,34
2025-12,VV-VITA-155,860.79,987,25,46
2025-12,VV-VITA-298,827.73,1074.03,22,46
2025-12,VV-VITA-171,824.68,916.3,16,33
2025-12,VV-VITA-50,795.11,1005.89,19,49
2025-12,VV-VITA-276,793.74,880.29,19,36
2025-12,BJ-E223-8EKW,791.41,945.63,22,37
2025-12,VV-VITA-38,789.46,840.65,34,49
2025-12,VV-VITA-142,776.87,992.09,17,40
2025-12,VV-VITA-151,763.82,824.95,28,35
2025-12,VV-VITA-124,745.22,824.49,21,34
2025-12,VV-VITA-372,727.25,744.29,28,41
2025-12,VV-VITA-354,712.57,805.86,22,37
2025-12,VV-VITA-165,698.88,885.98,9,31
2025-12,VV-VITA-341,663.35,743.64,23,47
2025-12,VV-VITA-49,661.35,729.04,32,37
2025-12,VV-VITA-230,652.37,717.37,26,30
2025-12,VV-VITA-247,634.59,703.29,16,34
2025-12,VV-VITA-183,629.28,687.12,16,27
2025-12,VV-VITA-31,622.72,638.05,10,30
2025-12,VV-VITA-207,620.9,655.46,15,33
2025-12,VV-VITA-361,618.1,659.48,29,39
2025-12,VV-VITA-224,609.71,655.64,23,33
2025-12,VV-VITA-57-V,608.64,673.61,12,18
2025-12,VV-VITA-256,605.15,697.89,19,30
2025-12,VV-VITA-395,596.72,628.05,31,33
2025-12,VV-VITA-199,585.19,605.2,18,31
2025-12,VV-VITA-367,578.92,604.53,25,33
2025-12,VV-VITA-39,578.17,712.13,9,33
2025-12,VV-VITA-264,564.41,660.35,9,27
2025-12,VV-VITA-243,557.66,585.27,24,31
2025-12,VV-VITA-313,546.36,591.23,18,31
2025-12,VV-VITA-308,526.74,563.61,12,23
2025-12,VV-VITA-339,510.11,535.44,21,27
2025-12,VV-VITA-101,501.1,528.41,18,22
2025-12,VV-VITA-146,499.57,569.64,15,30
2025-12,VV-VITA-237,490.76,520.83,21,27
2025-12,CW-KVIN-V39Y,488.57,572.68,13,25
2025-12,VV-VITA-301,483.24,495.67,24,26
2025-12,VV-VITA-287,471.3,491.01,18,25
2025-12,VV-VITA-157,466.06,470.52,6,32
2025-12,VV-VITA-317,460.06,562.17,14,28
2025-12,VV-VITA-107,459.43,697.57,2,37
2025-12,VV-VITA-389,451.38,475.14,14,20
2025-12,VV-VITA-277,448.89,617.14,10,47
2025-12,VV-VITA-111,446.79,508.88,10,25
2025-12,VV-VITA-259,445.25,481.31,14,20
2025-12,VV-VITA-63,443.52,498.16,13,24
2025-12,VV-VITA-338,440.57,456.62,18,24
2025-12,VV-VITA-170,431.45,586.7,11,31
2025-12,VV-VITA-377,425.34,425.34,21,28
2025-12,VV-VITA-116,421.29,468.07,16,25
2025-12,VV-VITA-368,417.15,443.99,13,25
2025-12,VV-VITA-122,409.69,496.59,16,23
2025-12,VV-VITA-215,409.27,444.32,10,23
2025-12,VV-ALO-06,406.99,419.14,16,22
2025-12,VV-VITA-121,391.33,436.56,18,21
2025-12,VV-VITA-46,385.11,448.29,12,23
2025-12,VV-VITA-326,378.49,404.63,13,18
2025-12,VV-VITA-356,376.33,401.5,18,23
2025-12,NX-CVPF-VCEZ,373.21,393.35,11,18
2025-12,VV-VITA-252,359.04,444.91,11,19
2025-12,VV-VITA-403,347.47,392.43,13,20
2025-12,VV-VITA-186,346.9,386.24,11,16
2025-12,VV-VITA-379,341.57,379.66,12,21
2025-12,VV-VITA-310,339.7,356.81,11,15
2025-12,VV-VITA-258,333.06,355.4,13,19
2025-12,VV-VITA-93,319.42,473.2,5,28
2025-12,VV-VITA-391,312.43,396.61,11,17
2025-12,VV-VITA-190,309.96,321.9,8,16
2025-12,VV-VITA-57-V2,300.96,435.37,11,17
2025-12,VV-VITA-119,299.61,309.82,15,17
2025-12,VV-VITA-366,295.09,346.43,15,23
2025-12,VV-VITA-331,283.82,350.4,11,22
2025-12,VV-VITA-206,277.81,281.39,5,18
2025-12,VV-VITA-286,274.15,280.72,8,13
2025-12,VV-VITA-371,263.68,301.81,11,18
2025-12,VV-VITA-336,253.18,296.76,8,15
2025-12,VV-VITA-257,251.44,262.58,7,11
2025-12,VV-VITA-136,244.58,319.08,7,16
2025-12,VV-VITA-109,242.68,261.77,7,14
2025-12,VV-VITA-345,233.18,280.98,10,12
2025-12,VV-VITA-304,232.41,259.67,15,16
2025-12,VV-VITA-250,232.36,241.62,12,13
2025-12,VV-VITA-262,231.27,281.43,7,13
2025-12,VV-VITA-388,217.11,234.81,19,20
2025-12,VI-ZU99-SZ0B,215.83,273.53,10,15
2025-12,VV-VITA-386,208.32,235.49,9,11
2025-12,VV-VITA-249,205.64,238.98,10,9
2025-12,VV-VITA-375,201.53,208.01,10,12
2025-12,VV-VITA-198,197.61,208.08,9,11
2025-12,VV-VITA-172,194.03,298.5,2,15
2025-12,VV-VITA-359,188.51,309.85,10,10
2025-12,VV-VITA-231,184.37,189.75,5,7
2025-12,VV-VITA-316,177.02,232.03,5,12
2025-12,VV-VITA-188,165.14,186.88,8,10
2025-12,VV-VITA-373,160.57,162.29,4,10
2025-12,VV-VITA-318,159.01,200.58,6,11
2025-12,VV-VITA-358,157.92,165.44,8,14
2025-12,VV-VITA-295,153.55,167.89,7,8
2025-12,VV-VITA-105,147.26,155.07,6,8
2025-12,VV-VITA-319,146.88,155.73,6,8
2025-12,VV-VITA-297,140.55,166.94,7,8
2025-12,VV-VITA-363,135.39,188.62,2,11
2025-12,CP-DQMG-RVN9,134.06,143.04,4,7
2025-12,VV-VITA-351,132.78,137.92,6,7
2025-12,VV-VITA-376,126.46,129.38,7,8
2025-12,VV-VITA-204,110.08,111.97,5,6
2025-12,VV-VITA-168,105.47,115.03,3,5
2025-12,VV-VITA-202,102.9,112.66,4,7
2025-12,VV-VITA-383,100,106.27,6,6
2025-12,VV-VITA-343,98.96,120.88,5,8
2025-12,VV-VITA-90,98.13,98.13,5,5
2025-12,VV-VITA-362,91.63,103.38,5,5
2025-12,VV-VITA-284,90.49,111.66,4,5
2025-12,VV-VITA-307,85.78,105.61,4,7
2025-12,VV-VITA-394,80.24,91.42,4,4
2025-12,VV-VITA-303,74.59,74.59,4,4
2025-12,VV-VITA-378,74.56,79.97,3,6
2025-12,VV-VITA-369,74.53,107.66,3,6
2025-12,VV-VITA-380,66.14,72.86,2,5
2025-12,VV-VITA-357,64.94,64.94,4,5
2025-12,VV-VITA-216,62.36,64.35,3,3
2025-12,VV-VITA-387,58.95,113.1,4,3
2025-12,VV-VITA-104,57.16,57.16,3,3
2025-12,VV-VITA-189,56.25,63.71,3,3
2025-12,VV-VITA-382,47.86,49.29,3,3
2025-12,VV-VITA-86,46.87,178.65,7,3
2025-12,VV-VITA-385,41.96,53.79,2,3
2025-12,VV-VITA-393,39.71,41.8,2,2
2025-12,VV-VITA-129,37.8,37.8,1,2
2025-12,VV-VITA-02,36.43,36.43,2,2
2025-12,VV-VITA-365,28.8,30.34,2,2
2025-12,VV-VITA-88,25.45,25.45,1,1
2025-12,VV-VITA-337,23.55,23.55,1,1
2025-12,VV-VITA-374,19.9,19.9,1,1
2025-12,VV-VITA-390,19.9,19.9,1,1
2025-12,VV-VITA-166,17.83,90.68,2,1
2025-12,VV-VITA-102,16.35,18.16,1,1
2025-12,VV-VITA-349,15.49,62.91,4,1
2025-12,VV-VITA-381,12.19,13.54,1,1
2025-12,VV-VITA-228,-66.52,90.08,4,-3
2026-01,VV-VITA-197,10151.93,14092.75,23,567
2026-01,UNKNOWN,6098.84,7238.21,218,433
2026-01,TU-QNYD-JRRX,3136.33,4748.96,12,287
2026-01,VV-VITA-223,2166.82,2455.56,61,111
2026-01,VV-VITA-320,2153.9,2330.52,80,97
2026-01,VV-VITA-231,2137.92,2344.73,41,86
2026-01,VV-VITA-381,1993.48,2114.18,73,142
2026-01,VV-VITA-364,1905.53,2042.93,56,96
2026-01,VV-VITA-352,1492.24,1619.84,49,73
2026-01,VV-VITA-342,1328.97,1487.14,57,70
2026-01,VV-VITA-329,1253.4,1377.86,44,70
2026-01,VV-VITA-230,1223.46,1605.9,25,63
2026-01,VV-VITA-208,1212.47,1511.24,21,76
2026-01,BJ-E223-8EKW,1196.14,1364.05,27,55
2026-01,VV-VITA-203,1167.7,1273.51,43,67
2026-01,NX-CVPF-VCEZ,1089.78,1397.69,12,68
2026-01,VV-VITA-94,1082.81,1243.16,34,47
2026-01,VV-VITA-248,999.87,1173.87,30,53
2026-01,VV-VITA-276,926.76,1035.17,24,42
2026-01,VV-VITA-142,914.84,1047.92,23,40
2026-01,VV-VITA-310,913.74,1129.74,19,48
2026-01,VV-VITA-127,913.64,1274.09,13,53
2026-01,VV-VITA-314,889.89,940.64,45,57
2026-01,VV-VITA-249,880.95,1125.44,22,47
2026-01,VV-VITA-356,862.45,991.77,27,55
2026-01,VV-VITA-124,812.36,890.08,24,39
2026-01,VV-VITA-355,805.15,848.01,23,37
2026-01,VV-VITA-49,803.59,978.67,29,50
2026-01,VV-VITA-403,803.32,883.52,33,47
2026-01,VV-VITA-259,786.32,851.03,18,34
2026-01,VV-VITA-158,773.73,807.89,22,29
2026-01,VV-VITA-367,742.27,801.07,33,47
2026-01,VV-VITA-153,741.26,897.62,24,48
2026-01,VV-VITA-301,731.2,809.23,24,45
2026-01,VV-VITA-313,726.22,797.91,25,42
2026-01,VV-VITA-155,702.08,821.77,25,39
2026-01,VV-VITA-341,674.24,731.69,35,47
2026-01,VV-VITA-361,669.04,724.23,31,40
2026-01,VV-VITA-344,662.42,832.73,23,35
2026-01,VV-VITA-304,627.54,703.05,28,47
2026-01,VV-VITA-308,617.53,728.09,14,29
2026-01,VV-VITA-109,607.08,731.72,22,40
2026-01,VV-VITA-377,591.28,650.48,26,45
2026-01,VV-VITA-159,590.22,744.22,9,35
2026-01,VV-VITA-354,578.11,671.55,17,31
2026-01,VV-VITA-146,572.96,637.91,23,33
2026-01,VV-VITA-50,564.07,674.78,22,33
2026-01,VV-VITA-237,564.05,577.98,21,31
2026-01,VV-ALO-06,557.56,577.53,27,31
2026-01,VV-VITA-93,556.41,704.64,10,42
2026-01,VV-VITA-298,548.23,664.85,20,29
2026-01,VV-VITA-171,526.7,542.22,14,20
2026-01,VV-VITA-57-V,523.09,604.02,10,16
2026-01,VV-VITA-170,507.59,669.91,13,36
2026-01,VV-VITA-379,507.05,554.68,18,31
2026-01,VV-VITA-38,497.86,521.07,31,33
2026-01,VV-VITA-151,494.25,576.52,24,21
2026-01,VV-VITA-311,481.1,520.41,23,27
2026-01,VV-VITA-277,473.32,523.69,21,39
2026-01,VV-VITA-107,472.5,472.5,2,25
2026-01,VV-VITA-339,468.66,557.96,19,27
2026-01,VV-VITA-225,453.36,575.9,11,28
2026-01,VV-VITA-387,453.01,471.86,16,17
2026-01,VV-VITA-173,444.41,515.84,17,27
2026-01,VV-VITA-116,435.21,497.86,15,28
2026-01,VV-VITA-336,431.83,477.6,6,24
2026-01,VV-VITA-106,429.29,474.36,8,21
2026-01,VV-VITA-326,428.88,495.02,15,22
2026-01,VV-VITA-119,420.86,451.07,15,25
2026-01,VV-VITA-256,420.54,525.98,16,21
2026-01,VV-VITA-247,417.85,425.81,15,22
2026-01,VV-VITA-317,415.25,417.05,12,22
2026-01,VV-VITA-258,405.84,475.81,13,26
2026-01,VV-VITA-394,392.51,472.97,14,23
2026-01,VV-VITA-121,389.87,456.95,14,22
2026-01,VV-VITA-286,385.72,436.51,13,20
2026-01,VV-VITA-395,382.78,390.53,20,21
2026-01,VV-VITA-165,380.96,453.95,9,16
2026-01,VV-VITA-376,375.47,413.11,16,26
2026-01,VV-VITA-202,373.64,435.61,12,27
2026-01,VV-VITA-31,370.77,434.27,9,20
2026-01,VV-VITA-199,366.07,395.54,16,20
2026-01,VV-VITA-398,365.83,430.87,14,31
2026-01,VV-VITA-388,361.74,409.51,28,36
2026-01,VV-VITA-215,359.16,396.01,9,21
2026-01,VV-VITA-389,354.15,406.21,10,17
2026-01,VV-VITA-122,350.08,379.45,14,17
2026-01,VV-VITA-63,345.09,352.2,12,17
2026-01,VV-VITA-252,336,454.89,8,20
2026-01,VV-VITA-101,335.53,339.34,15,15
2026-01,CP-DQMG-RVN9,333.27,414.38,7,19
2026-01,CW-KVIN-V39Y,326.67,398.19,12,19
2026-01,VV-VITA-391,323.6,375.44,8,17
2026-01,VI-ZU99-SZ0B,314.34,377.46,13,22
2026-01,VV-VITA-318,313.98,408.15,8,22
2026-01,VV-VITA-189,312.07,340.64,8,17
2026-01,VV-VITA-228,307.25,393.12,6,16
2026-01,VV-VITA-262,301.35,357.76,7,18
2026-01,VV-VITA-90,294.68,333.08,8,18
2026-01,VV-VITA-250,292.99,299.6,12,17
2026-01,VV-VITA-207,287.62,342.59,9,17
2026-01,VV-VITA-174,281.82,350.04,9,18
2026-01,VV-VITA-359,274.93,287.07,9,15
2026-01,VV-VITA-345,272.22,290.89,6,13
2026-01,VV-VITA-351,264.94,303.54,10,16
2026-01,VV-VITA-39,264.47,309.71,12,15
2026-01,VV-VITA-198,262.2,311.26,9,16
2026-01,VV-VITA-371,253.03,349.8,6,22
2026-01,VV-VITA-188,250.62,308.34,11,17
2026-01,VV-VITA-295,249.48,256.46,7,12
2026-01,VV-VITA-338,246.58,252.45,9,14
2026-01,VV-VITA-129,239.05,298.57,8,16
2026-01,VV-VITA-157,237.8,252.33,12,17
2026-01,VV-VITA-366,232.44,281.65,12,19
2026-01,VV-VITA-206,231.07,231.07,7,13
2026-01,VV-VITA-57-V2,229.83,239.01,10,10
2026-01,VV-VITA-303,224.49,233.6,12,13
2026-01,VV-VITA-375,221.73,230.63,14,14
2026-01,VV-VITA-378,205.08,208.95,7,16
2026-01,VV-VITA-105,200.7,206.64,7,11
2026-01,VV-VITA-373,197.7,234.12,8,17
2026-01,VV-VITA-402,197.11,250.09,4,10
2026-01,VV-VITA-186,194.93,226.48,5,9
2026-01,VV-VITA-372,190.14,239.48,10,11
2026-01,VV-VITA-385,183.31,213.59,7,12
2026-01,VV-VITA-264,179.94,179.94,4,7
2026-01,VV-VITA-343,167.04,220.89,5,11
2026-01,VV-VITA-166,166.67,166.67,5,8
2026-01,VV-VITA-190,159.13,199.92,4,10
2026-01,VV-VITA-386,158.11,212.51,8,7
2026-01,VV-VITA-365,157.45,204.38,5,14
2026-01,VV-VITA-383,156.74,158.55,6,9
2026-01,VV-VITA-102,154.1,164.52,5,9
2026-01,VV-VITA-204,147.26,148.57,4,8
2026-01,VV-VITA-368,144.12,154.9,9,9
2026-01,VV-VITA-380,137.71,147.34,9,10
2026-01,VV-VITA-316,133.63,139.59,6,7
2026-01,VV-VITA-319,127.51,137.33,6,7
2026-01,VV-VITA-363,120.91,154,5,9
2026-01,VV-VITA-297,120.34,159.12,4,8
2026-01,VV-VITA-307,118.61,129,7,9
2026-01,VV-VITA-393,112.38,148.95,3,7
2026-01,VV-VITA-284,106.96,113.97,4,5
2026-01,VV-VITA-362,106.71,185.37,4,8
2026-01,VV-VITA-331,99.18,114.13,5,6
2026-01,VV-VITA-346,96.94,130.87,3,9
2026-01,VV-VITA-136,93.09,127.83,4,6
2026-01,VV-VITA-349,85.81,103.55,3,6
2026-01,VV-VITA-358,73.1,97.78,3,5
2026-01,VV-VITA-357,68.77,90.05,3,5
2026-01,VV-VITA-168,67.87,70.36,3,3
2026-01,VV-VITA-374,64.68,75.4,4,4
2026-01,VV-VITA-407,64.17,83.7,2,3
2026-01,VV-VITA-104,61.51,61.51,2,3
2026-01,VV-VITA-111,41.18,100.04,3,3
2026-01,VV-VITA-02,35.83,35.83,1,2
2026-01,VV-VITA-243,23.63,23.63,1,1
2026-01,VV-VITA-369,14.92,14.92,1,1
2026-01,VV-VITA-86,-12.94,19.9,1,-1
2026-01,VV-VITA-224,-17.91,19.9,1,-1
2026-01,VV-VITA-183,-21.73,0,0,-1
2026-02,UNKNOWN,9842.27,10803.72,386,623
2026-02,VV-VITA-231,6426.72,7191.43,121,266
2026-02,VV-VITA-223,5653.45,15505.29,518,661
2026-02,VV-VITA-197,4252.69,5537.15,18,223
2026-02,VV-VITA-320,4000.42,4347.17,131,186
2026-02,VV-VITA-228,3599.05,3998.56,115,176
2026-02,TU-QNYD-JRRX,3025.79,4272.19,31,230
2026-02,VV-VITA-381,2381.77,2558.01,111,165
2026-02,VV-VITA-94,2049.19,2358.79,53,90
2026-02,VV-VITA-158,1904.06,2128.18,44,77
2026-02,VV-VITA-159,1844.42,2130.28,52,93
2026-02,VV-VITA-222,1843.94,2211.03,27,90
2026-02,VV-VITA-46,1691.33,1908.76,49,95
2026-02,VV-VITA-342,1606.78,1718.21,70,86
2026-02,VV-VITA-90,1567.03,1633.67,68,78
2026-02,BJ-E223-8EKW,1566.86,1806.05,42,71
2026-02,VV-VITA-142,1515.37,1767.82,36,73
2026-02,VV-VITA-172,1359.91,1710.42,16,85
2026-02,VV-VITA-257,1326.11,1490,31,58
2026-02,VV-VITA-403,1303.32,1397.71,46,72
2026-02,VV-VITA-237,1281.79,1580.88,39,81
2026-02,VV-VITA-341,1256.34,1299.82,76,82
2026-02,VV-VITA-389,1140.48,1290.43,30,54
2026-02,VV-VITA-311,1139.57,1253.41,54,65
2026-02,VV-VITA-155,1135.48,1368.98,36,61
2026-02,VV-VITA-124,1114.4,1166.91,40,49
2026-02,VV-VITA-39,1093.59,1314.59,18,61
2026-02,VV-VITA-364,1064.45,1162.64,33,51
2026-02,VV-VITA-50,1050.04,1261.56,29,61
2026-02,VV-VITA-49,1033.39,1099.78,46,58
2026-02,VV-VITA-224,1028.6,1062.62,22,53
2026-02,VV-VITA-259,1008.7,1065.11,21,42
2026-02,VV-VITA-361,976.29,1097.68,41,61
2026-02,VV-VITA-344,972.42,1082.57,37,45
2026-02,VV-VITA-301,962.19,1032.32,41,56
2026-02,VV-VITA-248,944.8,982.9,32,44
2026-02,VV-VITA-377,936.96,969.57,37,62
2026-02,VV-VITA-249,919.28,1116.96,23,46
2026-02,VV-VITA-183,915.75,958.52,22,38
2026-02,VV-VITA-407,906.28,943.6,27,41
2026-02,VV-VITA-127,891.32,986.8,22,41
2026-02,VV-VITA-367,882.77,1043.03,44,59
2026-02,VV-VITA-276,880.06,1041.29,28,42
2026-02,VV-VITA-151,875.84,1032.34,27,44
2026-02,VV-VITA-264,860.58,971.22,13,37
2026-02,VV-VITA-171,852.23,948.83,22,34
2026-02,VV-VITA-298,846.52,1008.76,22,46
2026-02,VV-VITA-338,824.69,863.9,28,47
2026-02,VV-VITA-314,824.51,864.6,42,52
2026-02,VV-VITA-247,818.58,927.75,23,46
2026-02,VV-VITA-153,805.44,1071.61,26,54
2026-02,VV-VITA-356,786.68,939.62,28,54
2026-02,VV-VITA-203,756.7,853.47,30,43
2026-02,VV-VITA-146,743.67,978.94,24,50
2026-02,VV-VITA-57-V,727.42,745.1,17,21
2026-02,VV-VITA-308,715.81,780.13,26,32
2026-02,VV-VITA-157,713.16,783.58,19,53
2026-02,VV-VITA-38,707.26,779.17,38,48
2026-02,VV-VITA-216,701.71,743.42,24,37
2026-02,VV-VITA-225,699.44,861.79,21,40
2026-02,VV-VITA-208,636.63,693.69,21,34
2026-02,VV-VITA-109,632.14,693.41,23,37
2026-02,VV-VITA-121,617.04,632.68,21,30
2026-02,VV-VITA-107,614.52,859.27,8,46
2026-02,VV-VITA-310,576.63,654.02,17,28
2026-02,VV-VITA-173,576.13,593.95,22,32
2026-02,VV-ALO-06,555.08,581.58,27,31
2026-02,VV-VITA-375,554.61,599.73,26,35
2026-02,VV-VITA-101,540.93,547.81,20,23
2026-02,VV-VITA-57-V2,539.81,670.54,13,27
2026-02,VV-VITA-198,533.53,598.23,22,30
2026-02,VV-VITA-387,520.2,555.74,13,19
2026-02,VV-VITA-207,509.51,555.96,16,28
2026-02,VV-VITA-111,501.83,604.85,16,30
2026-02,NX-CVPF-VCEZ,496.6,556.72,18,26
2026-02,VV-VITA-304,496.2,579.45,25,37
2026-02,VV-VITA-252,483.21,515.87,13,22
2026-02,VV-VITA-317,469.36,539.19,19,28
2026-02,VV-VITA-339,464.11,513.74,19,26
2026-02,VV-VITA-379,449.35,532.5,15,32
2026-02,VV-VITA-286,445.82,486.21,14,21
2026-02,VV-VITA-359,416.79,542.36,13,26
2026-02,VV-VITA-336,410.65,498.58,6,25
2026-02,VV-VITA-199,400.92,439.53,15,23
2026-02,VV-VITA-166,383.73,438.28,13,21
2026-02,CW-KVIN-V39Y,382.95,459.99,14,19
2026-02,VV-VITA-398,379.6,405.6,14,27
2026-02,VV-VITA-186,373.01,427.4,8,17
2026-02,VV-VITA-385,365.32,408.22,14,23
2026-02,VV-VITA-372,352.48,394.97,13,21
2026-02,VV-VITA-136,346.2,351.17,10,17
2026-02,VV-VITA-165,333.97,363.22,11,13
2026-02,VV-VITA-318,324.38,357.91,15,20
2026-02,VV-VITA-93,322.6,365.45,17,21
2026-02,VV-VITA-122,320.11,372.34,13,17
2026-02,VV-VITA-351,319.9,336.82,9,17
2026-02,VV-VITA-102,310.02,322.66,12,17
2026-02,VV-VITA-256,309.79,316.45,14,14
2026-02,VV-VITA-303,308.13,327.5,17,18
2026-02,VV-VITA-394,307.68,340.71,14,15
2026-02,VI-ZU99-SZ0B,307.44,352.94,9,20
2026-02,VV-VITA-170,303.73,395.17,10,21
2026-02,VV-VITA-258,300.89,311.88,8,17
2026-02,VV-VITA-88,299.36,409.39,6,17
2026-02,VV-VITA-366,297.47,307.75,13,21
2026-02,VV-VITA-189,297.33,322.51,9,15
2026-02,VV-VITA-402,294,1588.31,59,63
2026-02,VV-VITA-284,286.87,291.31,7,13
2026-02,VV-VITA-371,286.01,349.02,11,21
2026-02,VV-VITA-63,282.37,288.57,14,15
2026-02,VV-VITA-174,280.19,291.53,12,14
2026-02,VV-VITA-277,274.53,284.09,16,20
2026-02,VV-VITA-354,273.56,446.69,9,16
2026-02,CP-DQMG-RVN9,268.86,272.95,10,13
2026-02,VV-VITA-391,260.84,265.27,9,11
2026-02,VV-VITA-215,253.18,265.16,10,14
2026-02,VV-VITA-316,241.58,291.32,5,15
2026-02,VV-VITA-116,239.79,248.78,13,14
2026-02,VV-VITA-31,233.31,249.73,7,12
2026-02,VV-VITA-326,231.08,235.23,8,11
2026-02,VV-VITA-380,223.22,272.99,10,20
2026-02,VV-VITA-405,222.53,238.5,11,15
2026-02,VV-VITA-297,220.2,242.71,10,11
2026-02,VV-VITA-86,216.83,317.5,5,14
2026-02,VV-VITA-376,212.9,216.06,10,13
2026-02,VV-VITA-374,212.49,219.86,12,12
2026-02,VV-VITA-357,207.51,211.29,8,12
2026-02,VV-VITA-230,201.6,201.6,5,8
2026-02,VV-VITA-363,201.06,251.73,6,15
2026-02,VV-VITA-388,186.4,207.56,11,18
2026-02,VV-VITA-368,183.32,203.79,11,11
2026-02,VV-VITA-369,178.65,197.44,5,11
2026-02,VV-VITA-02,178.53,178.53,8,10
2026-02,VV-VITA-378,177.92,214.04,5,16
2026-02,VV-VITA-355,175.26,188.58,7,8
2026-02,VV-VITA-295,173.98,179.95,7,8
2026-02,VV-VITA-206,172.63,196.84,6,11
2026-02,VV-VITA-358,166.65,205.06,5,11
2026-02,VV-VITA-129,164.34,191.98,10,10
2026-02,VV-VITA-202,158.63,160.22,8,10
2026-02,VV-VITA-319,158.34,181.12,5,10
2026-02,VV-VITA-383,156.66,179.07,7,10
2026-02,VV-VITA-395,146,151.86,8,8
2026-02,VV-VITA-349,139.65,171.03,5,10
2026-02,VV-VITA-313,130.22,161.31,7,8
2026-02,VV-VITA-105,129.54,135.49,7,7
2026-02,VV-VITA-106,121.64,138.8,3,6
2026-02,VV-VITA-190,121.25,147.29,5,7
2026-02,VV-VITA-345,120.35,128.87,6,6
2026-02,VV-VITA-104,111.16,115.22,6,6
2026-02,VV-VITA-362,109.38,149.84,4,7
2026-02,VV-VITA-329,98.54,100.44,4,5
2026-02,VV-VITA-307,93.16,93.16,4,6
2026-02,VV-VITA-168,88.77,93.55,4,4
2026-02,VV-VITA-188,86.7,91.17,5,5
2026-02,VV-VITA-346,73.51,86.13,5,6
2026-02,VV-VITA-373,57.81,59.27,4,4
2026-02,VV-VITA-287,57.71,59.7,3,3
2026-02,VV-VITA-204,55.06,55.06,2,3
2026-02,VV-VITA-119,49.3,49.3,2,3
2026-02,VV-VITA-365,41.41,42.9,3,3
2026-02,VV-VITA-350,31.86,38.85,2,2
2026-02,VV-VITA-393,17.77,17.77,1,1
2026-03,UNKNOWN,10079.96,11230.86,349,670
2026-03,VV-VITA-223,9149.97,10317.77,290,515
2026-03,VV-VITA-231,7061.94,8093.43,177,330
2026-03,VV-VITA-381,5507.39,5844.94,304,420
2026-03,VV-VITA-197,4796.6,6849.65,15,276
2026-03,VV-VITA-320,4727.34,5358.81,142,236
2026-03,VV-VITA-364,4376.24,5118.58,93,245
2026-03,VV-VITA-243,3689.7,4193.52,108,231
2026-03,VV-VITA-224,3151.22,3568.21,96,181
2026-03,VV-VITA-403,2216.13,2483.61,76,130
2026-03,VV-VITA-155,1991.2,2267.77,52,119
2026-03,VV-VITA-151,1961.33,2221.98,70,104
2026-03,VV-VITA-94,1951.72,2263.94,52,96
2026-03,VV-VITA-355,1832.58,2016.21,58,90
2026-03,VV-VITA-342,1778.81,1896.91,74,91
2026-03,VV-VITA-159,1697.78,1907.86,44,92
2026-03,VV-VITA-90,1655.01,1863.36,68,88
2026-03,VV-VITA-39,1653.67,2075.79,31,103
2026-03,VV-VITA-222,1612.74,1799.3,63,86
2026-03,VV-VITA-276,1569.66,1893.13,46,76
2026-03,VV-VITA-124,1514.38,1675.59,52,80
2026-03,VV-VITA-158,1504.69,1691.9,37,62
2026-03,VV-VITA-248,1452.22,1639.33,55,74
2026-03,VV-VITA-203,1428.54,1580.53,58,83
2026-03,VV-VITA-314,1417.48,1532.35,68,95
2026-03,VV-VITA-153,1398.47,1676.1,51,86
2026-03,VV-VITA-256,1359.66,1539.25,39,69
2026-03,VV-VITA-173,1333.7,1380.12,48,85
2026-03,VV-VITA-101,1278.66,1410.81,41,60
2026-03,BJ-E223-8EKW,1270.97,1537.55,30,64
2026-03,VV-VITA-57-V,1253.44,1377.57,22,37
2026-03,VV-VITA-311,1247,1426.22,47,77
2026-03,VV-VITA-308,1227.35,1382.09,27,58
2026-03,TU-QNYD-JRRX,1223.77,1784.75,12,116
2026-03,VV-VITA-171,1184.03,1433.55,23,52
2026-03,VV-VITA-216,1181.92,1300.89,46,67
2026-03,VV-VITA-389,1157.22,1268.1,32,52
2026-03,VV-VITA-310,1152.09,1381.67,34,56
2026-03,VV-VITA-230,1138.56,1288.08,36,53
2026-03,VV-VITA-341,1131.99,1187.46,65,83
2026-03,VV-VITA-344,1085.46,1272.29,39,53
2026-03,VV-VITA-208,1059.41,1192.32,32,59
2026-03,VV-VITA-50,1053.7,1194.96,32,60
2026-03,VV-VITA-237,1024.71,1359.04,34,62
2026-03,VV-VITA-121,1024.34,1154.73,38,58
2026-03,VV-VITA-361,1004.54,1156.49,42,65
2026-03,VV-VITA-301,977.33,1060.9,46,63
2026-03,VV-VITA-165,968.25,1065.26,16,38
2026-03,VV-VITA-183,966.11,1074.19,27,43
2026-03,VV-VITA-356,956.29,1148.16,35,62
2026-03,VV-VITA-257,953.2,1214.4,23,44
2026-03,VV-VITA-247,949.55,1082.03,30,53
2026-03,VV-VITA-338,932.72,1009.82,36,57
2026-03,VV-VITA-339,888.92,945.55,30,48
2026-03,CW-KVIN-V39Y,869.96,1079.7,18,52
2026-03,VV-VITA-297,861.52,968.81,32,47
2026-03,VV-VITA-198,844.48,907.11,39,56
2026-03,VV-VITA-264,828.56,891.9,25,37
2026-03,VV-VITA-367,818.04,1005.2,33,52
2026-03,VV-VITA-86,813.72,858.81,29,46
2026-03,VV-VITA-395,811.01,821.14,43,47
2026-03,VV-VITA-354,730.71,836.1,23,38
2026-03,VV-VITA-304,717.09,791.49,34,57
2026-03,VV-VITA-157,697.72,790.76,21,56
2026-03,VV-VITA-379,692.17,756.88,27,43
2026-03,VV-VITA-259,672.98,734.64,22,34
2026-03,VV-VITA-170,645.54,849.69,12,49
2026-03,VV-VITA-119,638.95,708.67,16,39
2026-03,VV-VITA-88,628.54,709,20,30
2026-03,VV-VITA-286,627.74,666.88,21,35
2026-03,VV-VITA-377,623.42,721.18,32,45
2026-03,VV-VITA-345,621.12,693.31,22,31
2026-03,VV-VITA-38,597.95,657.09,32,46
2026-03,VV-VITA-402,586.71,915.32,26,37
2026-03,VV-VITA-63,582.15,694.03,21,33
2026-03,VV-VITA-31,576.11,629.44,13,31
2026-03,VV-VITA-366,574.86,641.7,30,43
2026-03,VV-VITA-252,571.34,691.15,13,30
2026-03,VV-VITA-207,560.37,671.04,18,33
2026-03,VV-VITA-359,548.9,662.42,20,31
2026-03,VV-VITA-388,547.26,576.57,43,51
2026-03,VV-VITA-215,535.37,646.21,14,35
2026-03,VV-VITA-199,528.87,550.45,18,28
2026-03,VV-VITA-375,504.26,594.17,26,35
2026-03,VV-VITA-146,493.74,558.55,14,31
2026-03,VV-VITA-225,490.98,651.81,8,31
2026-03,VV-ALO-06,481.1,501.27,28,30
2026-03,VV-VITA-49,473.93,542.56,20,28
2026-03,VV-VITA-398,455.83,551.69,19,38
2026-03,VV-VITA-206,455.06,523.78,15,30
2026-03,VV-VITA-116,449.53,463.29,20,28
2026-03,VV-VITA-336,436.69,538.58,12,27
2026-03,VV-VITA-109,435.37,467,17,25
2026-03,VV-VITA-228,433.93,504.76,14,23
2026-03,VV-VITA-136,427.32,437.56,17,23
2026-03,VV-VITA-317,426.6,428.49,11,22
2026-03,VV-VITA-57-V2,425.97,494.58,14,21
2026-03,VV-VITA-189,411.71,482.65,13,21
2026-03,VV-VITA-172,401.52,519.31,13,26
2026-03,NX-CVPF-VCEZ,389.63,428.28,12,20
2026-03,VV-VITA-204,387.92,490.45,16,26
2026-03,VV-VITA-284,382.56,408.35,14,18
2026-03,VV-VITA-168,372.76,450.31,12,19
2026-03,VV-VITA-186,346.01,456.81,7,18
2026-03,VV-VITA-326,343.18,387.99,9,18
2026-03,VV-VITA-386,337.85,433.95,9,20
2026-03,VV-VITA-46,335.63,489.42,11,22
2026-03,VV-VITA-407,327.7,352.25,9,15
2026-03,VV-VITA-166,326.71,374.5,12,18
2026-03,VV-VITA-368,318.32,356.92,15,20
2026-03,VV-VITA-111,316.52,403.21,11,20
2026-03,VV-VITA-376,314.43,322.31,13,21
2026-03,VI-ZU99-SZ0B,306.78,321.51,14,19
2026-03,VV-VITA-387,302.43,324.65,9,12
2026-03,VV-VITA-298,298.16,347.65,9,16
2026-03,VV-VITA-93,296.45,322.82,12,21
2026-03,VV-VITA-02,288.44,327.77,8,19
2026-03,VV-VITA-277,286.89,317.3,14,21
2026-03,VV-VITA-394,279.65,329.44,11,14
2026-03,VV-VITA-382,269.14,300.22,12,16
2026-03,VV-VITA-174,268.01,323.78,11,17
2026-03,VV-VITA-142,252.91,325.15,4,13
2026-03,VV-VITA-188,250.52,269.24,9,17
2026-03,VV-VITA-385,243.12,322.91,8,18
2026-03,VV-VITA-107,241.89,339.83,4,19
2026-03,VV-VITA-363,236.48,313.32,6,20
2026-03,VV-VITA-351,232.1,256.94,8,13
2026-03,VV-VITA-405,228.77,249.37,15,15
2026-03,VV-VITA-190,224.07,246.82,8,13
2026-03,VV-VITA-303,203.64,203.76,12,13
2026-03,VV-VITA-369,200.81,250.89,4,14
2026-03,VV-VITA-129,196.9,200.5,9,12
2026-03,VV-VITA-287,193.72,368.14,4,12
2026-03,VV-VITA-357,186.3,195.75,6,11
2026-03,VV-VITA-295,181.13,185.3,6,9
2026-03,VV-VITA-307,178.09,188.23,6,13
2026-03,VV-VITA-250,164.64,164.64,8,9
2026-03,VV-VITA-411,164.59,181.3,8,9
2026-03,VV-VITA-202,156.32,161.68,6,10
2026-03,VV-VITA-258,155.36,248.98,8,9
2026-03,VV-VITA-318,152.45,168.15,7,10
2026-03,VV-VITA-358,150.93,152.66,4,7
2026-03,VV-VITA-383,143.76,183.13,5,10
2026-03,VV-VITA-391,133.31,133.31,4,6
2026-03,VV-VITA-374,125.4,134.84,6,7
2026-03,VV-VITA-373,114.76,126.7,3,10
2026-03,CP-DQMG-RVN9,114.28,128.5,3,6
2026-03,VV-VITA-380,111.9,124.39,6,10
2026-03,VV-VITA-371,97.27,109.18,4,7
2026-03,VV-VITA-362,96.15,97.95,4,5
2026-03,VV-VITA-408,96.11,862.61,34,35
2026-03,VV-VITA-104,91.04,96.9,5,5
2026-03,VV-VITA-319,73.98,77.96,3,4
2026-03,VV-VITA-105,71.32,79.24,1,4
2026-03,VV-VITA-393,70.57,75.79,2,4
2026-03,VV-VITA-249,64.7,73.79,3,3
2026-03,VV-VITA-127,61.01,74.7,2,3
2026-03,VV-VITA-365,56.21,56.21,3,4
2026-03,VV-VITA-400,55.74,76.62,2,4
2026-03,VV-VITA-346,54.11,55.65,4,4
2026-03,VV-VITA-313,46.26,49.55,2,3
2026-03,VV-VITA-378,41.93,45.01,2,3
2026-03,VV-VITA-349,18.17,18.17,1,1
2026-03,VV-VITA-316,15.38,15.38,1,1
2026-04,VV-VITA-223,8276.69,9694.69,241,469
2026-04,UNKNOWN,6506.65,7963.9,297,482
2026-04,VV-VITA-364,5929.05,6781.78,178,347
2026-04,VV-VITA-381,5727.96,6297.34,282,404
2026-04,VV-VITA-320,5181.52,5892.34,168,275
2026-04,VV-VITA-243,3376.83,3944.68,105,217
2026-04,VV-VITA-197,2993.54,4090.8,10,165
2026-04,VV-VITA-391,2365.87,2499.45,81,143
2026-04,VV-VITA-224,2116.19,2466.38,71,123
2026-04,VV-VITA-342,2025.41,2228.54,91,119
2026-04,TU-QNYD-JRRX,1942.47,2680.97,15,150
2026-04,VV-VITA-355,1838.47,2137.62,52,98
2026-04,VV-VITA-158,1826.92,2075.08,47,76
2026-04,VV-VITA-159,1821.71,2224.73,41,99
2026-04,VV-VITA-276,1720.9,2024.87,41,81
2026-04,VV-VITA-90,1670.99,1780.2,79,102
2026-04,VV-VITA-257,1655.68,1958.35,32,75
2026-04,VV-VITA-94,1592.7,1851.15,38,75
2026-04,VV-VITA-344,1565.6,1747.1,49,78
2026-04,VV-VITA-155,1544.67,1708.71,56,91
2026-04,VV-VITA-403,1541.08,1701.97,58,93
2026-04,VV-VITA-208,1529.13,1890.63,33,95
2026-04,VV-VITA-314,1481.06,1581.38,74,96
2026-04,VV-VITA-256,1423.36,1732.73,45,70
2026-04,VV-VITA-222,1399.52,1646.22,53,77
2026-04,VV-VITA-101,1335.83,1552.62,39,73
2026-04,VV-VITA-203,1335.23,1501.53,44,79
2026-04,VV-VITA-361,1282.26,1482.48,44,84
2026-04,VV-VITA-171,1209.51,1347.4,26,50
2026-04,VV-VITA-151,1208.31,1348.37,36,56
2026-04,VV-VITA-142,1191,1561.67,20,62
2026-04,VV-VITA-402,1173.14,1342.39,42,56
2026-04,VV-VITA-248,1134.86,1327.82,41,57
2026-04,VV-VITA-354,1127.9,1435.5,29,66
2026-04,VV-VITA-264,1117.18,1348.91,19,54
2026-04,VV-VITA-168,1099.43,1228.05,39,61
2026-04,VV-VITA-124,1077.31,1217.94,39,60
2026-04,VV-VITA-297,1030.69,1164.72,38,64
2026-04,VV-VITA-341,1019.14,1059.95,53,66
2026-04,VV-VITA-339,1016.76,1223.8,30,61
2026-04,BJ-E223-8EKW,978.9,1144.09,28,43
2026-04,VV-VITA-259,978.1,1226,28,52
2026-04,VV-VITA-49,950.14,1091.64,43,62
2026-04,VV-VITA-121,944.38,1088.32,29,51
2026-04,VV-VITA-389,940.63,1128.3,23,48
2026-04,VV-VITA-377,909.04,1051.17,38,74
2026-04,VV-VITA-153,904.68,1140.97,36,53
2026-04,VV-VITA-395,886.65,924.16,46,53
2026-04,VV-VITA-237,882.56,1072.6,21,57
2026-04,VV-VITA-119,880.33,936.74,33,56
2026-04,VV-VITA-345,866.94,1031.47,27,44
2026-04,VV-VITA-198,854.25,965.49,34,55
2026-04,VV-VITA-39,834.76,967.39,22,48
2026-04,VV-VITA-379,815.42,958.95,27,59
2026-04,VV-VITA-407,788.22,855.48,20,38
2026-04,VV-VITA-338,778.51,890.03,32,50
2026-04,CW-KVIN-V39Y,770.53,863.62,23,36
2026-04,VV-VITA-311,765.34,892.32,39,46
2026-04,VV-VITA-388,747.08,837.31,43,70
2026-04,VV-VITA-394,744.78,855.41,20,45
2026-04,VV-VITA-356,734.16,870.11,28,47
2026-04,VV-VITA-231,726.79,896.2,15,30
2026-04,VV-VITA-63,711.47,833.85,23,43
2026-04,VV-VITA-326,689.97,823.98,19,36
2026-04,VV-VITA-386,676.26,768.35,21,36
2026-04,VV-VITA-313,633.82,783.73,18,40
2026-04,VV-VITA-31,611.05,770.54,17,36
2026-04,VV-ALO-06,609.05,612.48,30,36
2026-04,VV-VITA-50,608.77,752.67,15,36
2026-04,VV-VITA-215,608.76,700.38,10,37
2026-04,VV-VITA-284,595.25,674.45,15,29
2026-04,VV-VITA-411,592.56,674.94,19,34
2026-04,VV-VITA-310,574.83,720.62,11,30
2026-04,VV-VITA-165,572.64,672.09,10,24
2026-04,VV-VITA-88,571.24,676.6,17,28
2026-04,VV-VITA-86,556.97,643.1,22,34
2026-04,VV-VITA-247,521.15,639.18,14,31
2026-04,VV-VITA-188,501.39,541.14,17,33
2026-04,NX-CVPF-VCEZ,483.49,532.1,15,25
2026-04,VV-VITA-304,482.24,555.28,19,36
2026-04,VV-VITA-382,474.58,567.44,17,31
2026-04,VV-VITA-258,472.41,487.35,16,26
2026-04,VV-VITA-371,454.31,526.26,17,31
2026-04,VV-VITA-166,450.04,489.52,17,23
2026-04,VV-VITA-109,445.6,507.49,17,29
2026-04,VV-VITA-295,442.86,511.73,10,24
2026-04,VV-VITA-298,438.37,546.61,13,24
2026-04,VV-VITA-116,431.28,479.62,20,27
2026-04,VV-VITA-136,426.34,461.18,16,21
2026-04,VI-ZU99-SZ0B,419.36,481.85,15,28
2026-04,VV-VITA-408,407.59,3682.25,141,151
2026-04,VV-VITA-303,406.1,482.47,18,25
2026-04,VV-VITA-157,401.31,501.9,23,34
2026-04,VV-VITA-405,398.98,435.3,26,30
2026-04,VV-VITA-173,391.63,454.77,14,27
2026-04,VV-VITA-375,367.08,405.32,17,24
2026-04,VV-VITA-368,362.8,415.43,17,25
2026-04,VV-VITA-376,351.24,399.76,11,24
2026-04,VV-VITA-316,349.29,403.57,9,21
2026-04,VV-VITA-207,339.98,378.83,9,19
2026-04,VV-VITA-318,330.12,350.81,11,20
2026-04,VV-VITA-359,323.24,328.74,13,18
2026-04,VV-VITA-02,322.41,337.77,15,20
2026-04,VV-VITA-351,312.17,348.22,10,17
2026-04,VV-VITA-387,304.93,344.61,12,14
2026-04,VV-VITA-398,299.66,348.74,16,24
2026-04,VV-VITA-111,297.28,343.43,15,17
2026-04,VV-VITA-225,293.66,370.13,8,18
2026-04,VV-VITA-146,290.01,357.53,11,19
2026-04,VV-VITA-172,288.09,301.13,8,14
2026-04,VV-VITA-183,285.53,320.66,10,13
2026-04,VV-VITA-228,277.83,312.36,9,14
2026-04,VV-VITA-336,277.58,319.67,7,15
2026-04,VV-VITA-199,253.98,261.76,11,14
2026-04,VV-VITA-189,253.46,281.7,8,13
2026-04,VV-VITA-202,231.87,246.8,10,17
2026-04,VV-VITA-365,226.84,262.47,9,18
2026-04,VV-VITA-57-V,222.86,230.11,4,6
2026-04,VV-VITA-190,206.52,278.11,5,14
2026-04,VV-VITA-363,201.52,212.65,11,14
2026-04,VV-VITA-204,195.88,263.69,5,14
2026-04,VV-VITA-105,188.82,190.8,10,10
2026-04,VV-VITA-366,185.99,188.97,10,13
2026-04,VV-VITA-277,183.07,189.34,10,14
2026-04,VV-VITA-252,180.31,210.31,6,9
2026-04,VV-VITA-410,179.83,204.74,7,8
2026-04,VV-VITA-385,170.43,205.38,7,12
2026-04,VV-VITA-319,168.97,171.25,6,9
2026-04,VV-VITA-129,156.68,158.49,7,9
2026-04,VV-VITA-393,154.69,171.89,4,10
2026-04,VV-VITA-358,153.1,183.45,6,9
2026-04,VV-VITA-93,151.71,179.7,7,10
2026-04,VV-VITA-369,139.89,171.19,10,15
2026-04,VV-VITA-307,135.97,154.18,6,10
2026-04,VV-VITA-170,135.2,146.7,6,8
2026-04,VV-VITA-378,127.51,127.51,6,9
2026-04,VV-VITA-174,120.93,140.76,4,7
2026-04,VV-VITA-57-V2,119.88,122.14,5,5
2026-04,VV-VITA-373,115.17,156.85,4,11
2026-04,VV-VITA-349,113.63,118.86,3,7
2026-04,VV-VITA-380,108.94,113.51,6,8
2026-04,VV-VITA-357,106.22,107.88,4,6
2026-04,VV-VITA-417,95.48,97.97,4,4
2026-04,VV-VITA-383,90.89,90.89,3,5
2026-04,VV-VITA-374,80.5,102.36,5,5
2026-04,VV-VITA-346,69.17,83.05,3,6
2026-04,VV-VITA-362,66.28,79.86,3,4
2026-04,VV-VITA-186,61.48,89.46,3,3
2026-04,VV-VITA-104,59.97,59.97,1,3
2026-04,CP-DQMG-RVN9,55.86,65.7,1,3
2026-04,VV-VITA-308,55.69,88.08,3,3
2026-04,VV-VITA-250,39.64,62.27,2,2
2026-04,VV-VITA-400,38.82,59.7,1,3
2026-04,VV-VITA-367,-20.65,0,0,-1
2026-04,VV-VITA-301,-28.66,0,0,-2
2026-04,VV-VITA-230,-50.4,25.9,1,-2
2026-04,VV-VITA-287,-83.27,20.82,1,-4
2026-05,UNKNOWN,11954.75,15749.8,632,1061
2026-05,VV-VITA-231,9590.78,11313.22,178,446
2026-05,VV-VITA-223,8034.96,9161.48,241,452
2026-05,VV-VITA-197,4793.2,6415.34,12,279
2026-05,VV-VITA-364,3976.83,4606.71,111,236
2026-05,VV-VITA-276,3499.69,4157.77,80,178
2026-05,VV-VITA-320,3405.55,3935.89,118,179
2026-05,VV-VITA-224,3064.08,3454.65,106,191
2026-05,VV-VITA-228,2746.08,3143.39,82,151
2026-05,VV-VITA-329,2424.11,2700.91,71,136
2026-05,VV-VITA-314,2400.63,2629.76,119,178
2026-05,VV-VITA-159,2310.53,2725.12,56,122
2026-05,VV-VITA-94,1791.42,2152.45,41,80
2026-05,VV-VITA-417,1597.67,1828.39,54,82
2026-05,VV-ALO-06,1593.35,1710.79,67,100
2026-05,VV-VITA-90,1547,2869.53,138,160
2026-05,VV-VITA-49,1527.71,1752.07,63,90
2026-05,VV-VITA-171,1517.8,1715.32,37,70
2026-05,VV-VITA-237,1467.95,1708.63,49,99
2026-05,VV-VITA-222,1421.17,1662.11,39,71
2026-05,VV-VITA-361,1416.25,1613.87,55,90
2026-05,VV-VITA-257,1373.21,1560.57,29,69
2026-05,VV-VITA-342,1363.7,1502.57,61,76
2026-05,VV-VITA-158,1307.18,1455.43,38,58
2026-05,VV-VITA-403,1249.39,1440.12,52,75
2026-05,BJ-E223-8EKW,1217.54,1350.84,32,56
2026-05,VV-VITA-249,1185.57,1569.07,24,66
2026-05,VV-VITA-344,1182.67,1372.95,45,61
2026-05,VV-VITA-354,1182.61,1344.89,38,68
2026-05,VV-VITA-153,1173.78,1429.74,39,76
2026-05,VV-VITA-391,1150.07,1302.2,44,60
2026-05,VV-VITA-248,1109.75,1249.58,33,55
2026-05,VV-VITA-208,1102.1,1297.24,29,68
2026-05,VV-VITA-389,1083.22,1211.05,32,55
2026-05,VV-VITA-101,1068.35,1190.3,41,54
2026-05,VV-VITA-313,1000.31,1123.9,38,66
2026-05,NX-CVPF-VCEZ,983.19,1150.33,30,58
2026-05,VV-VITA-256,978.27,1079.21,32,48
2026-05,VV-VITA-287,970.61,1182.13,29,59
2026-05,VV-VITA-142,959.37,1182.17,27,50
2026-05,VV-VITA-379,945.27,1075.44,36,62
2026-05,VV-VITA-341,919.15,1015.7,51,67
2026-05,VV-VITA-198,906.03,963.05,38,55
2026-05,VV-VITA-151,904.39,1086.49,29,43
2026-05,VV-VITA-119,868.85,909.76,37,54
2026-05,VV-VITA-317,848.75,936.95,22,52
2026-05,VV-VITA-345,841.7,949.78,30,46
2026-05,VV-VITA-311,832.73,948.77,31,50
2026-05,VV-VITA-243,811.77,939.82,20,51
2026-05,CW-KVIN-V39Y,777.56,877.65,24,38
2026-05,TU-QNYD-JRRX,772.38,1268.89,13,58
2026-05,VV-VITA-259,727.79,795.83,24,36
2026-05,VV-VITA-398,717.14,815.3,29,56
2026-05,VV-VITA-172,712.46,809.03,12,44
2026-05,VV-VITA-338,698.04,787.24,21,40
2026-05,VV-VITA-367,695.97,897.21,29,45
2026-05,VV-VITA-93,692.2,717.65,17,49
2026-05,VV-VITA-165,687.52,815.71,14,33
2026-05,VV-VITA-250,673.7,796.49,21,46
2026-05,VV-VITA-207,664.54,685.29,24,37
2026-05,VV-VITA-107,648.28,957.34,6,51
2026-05,VV-VITA-168,640.94,710.91,21,30
2026-05,VV-VITA-39,638.76,740.86,17,36
2026-05,VV-VITA-136,637.36,676.02,22,32
2026-05,VV-VITA-63,632.01,784.71,20,37
2026-05,VV-VITA-88,629.89,730.53,18,34
2026-05,VV-VITA-124,623.99,728.52,20,36
2026-05,VV-VITA-225,623.54,713.85,18,35
2026-05,VV-VITA-377,588.62,660.57,29,48
2026-05,VV-VITA-297,584.75,686.98,22,36
2026-05,VV-VITA-395,577.86,617.43,31,35
2026-05,VV-VITA-388,574.04,660.85,44,59
2026-05,VV-VITA-183,567.28,730.37,13,29
2026-05,VV-VITA-57-V,565.06,621.65,15,17
2026-05,VV-VITA-252,560.39,625.2,18,31
2026-05,VV-VITA-298,550.29,708.59,13,31
2026-05,VV-VITA-247,535.35,681.89,12,36
2026-05,VV-VITA-387,534,626.09,120,127
2026-05,VV-VITA-303,528.58,575.37,22,30
2026-05,VV-VITA-215,518.46,630.91,16,34
2026-05,VV-VITA-121,518.26,559.99,21,27
2026-05,VV-VITA-264,496.16,519.73,16,21
2026-05,VV-VITA-374,487.4,593.34,14,31
2026-05,VV-VITA-411,464.94,504.89,19,24
2026-05,VV-VITA-170,463.95,596.15,10,33
2026-05,VV-VITA-157,463.48,553.15,21,38
2026-05,VV-VITA-326,457.05,519.62,16,24
2026-05,VV-VITA-407,449.55,507.94,103,110
2026-05,VV-VITA-368,441.23,471.23,14,27
2026-05,VV-VITA-301,428.99,478.83,17,30
2026-05,VV-VITA-216,383.69,477.07,10,24
2026-05,VV-VITA-262,381.64,412.25,9,24
2026-05,VV-VITA-408,379.17,465.23,11,18
2026-05,VV-VITA-116,379.1,416.3,18,25
2026-05,VV-VITA-382,372.25,418.01,19,25
2026-05,VV-VITA-339,365.72,383.11,15,19
2026-05,VV-VITA-115,346.64,464.42,7,19
2026-05,VV-VITA-02,346.53,363.8,12,22
2026-05,VV-VITA-57-V2,343.06,355.05,14,15
2026-05,VV-VITA-109,337.62,434.64,13,23
2026-05,VV-VITA-351,332.2,376.39,10,20
2026-05,VV-VITA-284,331.09,352.66,11,16
2026-05,VV-VITA-359,318.68,339.67,10,17
2026-05,VV-VITA-277,307.79,313.88,17,25
2026-05,VV-VITA-375,301.95,312.77,16,19
2026-05,VV-VITA-371,293.3,324.8,16,20
2026-05,VV-VITA-369,288.48,301.26,111,120
2026-05,VV-VITA-405,288.41,299.2,21,22
2026-05,VV-VITA-189,277.48,302.46,9,16
2026-05,VI-ZU99-SZ0B,262.22,308.33,14,19
2026-05,VV-VITA-394,254.01,291.03,12,13
2026-05,VV-VITA-166,248.5,285.53,9,15
2026-05,VV-VITA-363,237.71,322.65,7,19
2026-05,VV-VITA-105,237.24,245.28,11,14
2026-05,VV-VITA-410,235.92,243.65,8,10
2026-05,VV-VITA-376,234.42,255.12,13,17
2026-05,VV-VITA-258,232.64,234.91,9,14
2026-05,VV-VITA-202,232.54,241.28,12,18
2026-05,VV-VITA-295,229.86,258.5,10,12
2026-05,VV-VITA-188,220.69,269.84,9,16
2026-05,VV-VITA-86,208.55,212.63,11,12
2026-05,VV-VITA-307,205.25,234.45,14,17
2026-05,VV-VITA-318,200.99,271.98,5,15
2026-05,VV-VITA-310,200,228.91,6,9
2026-05,VV-VITA-316,194.04,218.9,7,11
2026-05,VV-VITA-304,189.94,225.09,14,16
2026-05,VV-VITA-402,189.87,236.52,7,9
2026-05,VV-VITA-31,186.55,273.51,7,10
2026-05,VV-VITA-365,183.01,220.8,7,15
2026-05,VV-VITA-399,181.48,242.45,3,10
2026-05,VV-VITA-380,178.75,215.73,10,15
2026-05,VV-VITA-386,177.18,209.36,9,8
2026-05,VV-VITA-111,174.46,223.78,10,9
2026-05,VV-VITA-362,157.86,159.65,8,8
2026-05,VV-VITA-385,156.19,191.65,5,11
2026-05,VV-VITA-319,151.68,156.68,5,8
2026-05,VV-VITA-129,149.29,164.94,9,10
2026-05,VV-VITA-381,147.25,240.73,10,14
2026-05,VV-VITA-199,127.11,129.54,4,9
2026-05,VV-VITA-204,120.01,161.72,7,8
2026-05,VV-VITA-174,111.69,111.69,3,5
2026-05,VV-VITA-383,111.36,142.73,8,7
2026-05,VV-VITA-206,106.52,125.3,3,7
2026-05,VV-VITA-349,103.29,105.1,3,6
2026-05,CP-DQMG-RVN9,101.24,107.59,4,5
2026-05,VV-VITA-102,97.4,97.4,4,6
2026-05,VV-VITA-358,90.59,113.03,6,5
2026-05,VV-VITA-190,81.48,81.48,4,4
2026-05,VV-VITA-378,65.25,70.25,5,5
2026-05,VV-VITA-393,59.45,66.66,2,3
2026-05,VV-VITA-104,51.63,56.17,3,3
2026-05,VV-VITA-203,43.45,50.76,2,3
2026-05,VV-VITA-346,38.76,41.7,3,3
2026-05,VV-VITA-46,38.44,38.44,2,2
2026-05,VV-VITA-373,28.71,28.71,2,2
2026-05,VV-VITA-230,-23.31,19.63,1,-1
2026-05,VV-VITA-355,-76.13,0,0,-4
2026-05,VV-VITA-155,-212.41,21.24,1,-14
2026-06,UNKNOWN,9372.6,10929.24,404,723
2026-06,VV-VITA-223,6898.37,8069.73,190,365
2026-06,VV-VITA-231,6831.19,8094,132,325
2026-06,VV-VITA-364,4753.24,5440.74,146,275
2026-06,VV-VITA-320,3422.16,3900.6,125,187
2026-06,VV-VITA-243,3364.22,4140.18,100,201
2026-06,VV-VITA-276,3224.04,3798.79,88,164
2026-06,VV-VITA-228,2566.04,2900.75,84,135
2026-06,VV-VITA-417,2537.13,2817.85,71,115
2026-06,VV-VITA-222,1988.84,2464.56,44,110
2026-06,VV-VITA-158,1962.62,2244.8,52,85
2026-06,VV-VITA-159,1871.95,2496.54,53,101
2026-06,VV-VITA-127,1795.24,2067.68,37,96
2026-06,VV-VITA-344,1693.78,1878.73,60,84
2026-06,VV-VITA-151,1659.08,1852.76,50,81
2026-06,VV-VITA-124,1481.27,1576.76,58,74
2026-06,VV-VITA-367,1410.34,1589.4,61,94
2026-06,VV-VITA-94,1375.47,1558.35,33,60
2026-06,VV-VITA-49,1330.12,1526.37,64,81
2026-06,VV-VITA-208,1315.07,1580.46,35,85
2026-06,VV-VITA-237,1284.36,1517.29,39,83
2026-06,VV-VITA-249,1275.09,1664.6,25,71
2026-06,VV-VITA-119,1259.43,1410.31,44,81
2026-06,VV-VITA-342,1227.59,1495.26,49,72
2026-06,VV-VITA-171,1227.13,1383.59,29,51
2026-06,VV-VITA-314,1219.85,1350.68,53,70
2026-06,VV-VITA-361,1213.76,1480.22,49,77
2026-06,VV-VITA-257,1198.11,1405.88,25,58
2026-06,VV-VITA-142,1128.07,1272.78,26,55
2026-06,VV-VITA-101,1126.66,1289.11,45,61
2026-06,VV-VITA-389,1101.43,1252.28,23,52
2026-06,BJ-E223-8EKW,1086.17,1212.94,39,56
2026-06,VV-VITA-310,1075.69,1433.47,23,60
2026-06,VV-VITA-173,1072.07,1162.5,29,61
2026-06,VV-VITA-287,998.21,1119.66,31,59
2026-06,VV-VITA-403,960.78,1150.31,38,59
2026-06,VV-VITA-379,927.43,1036.77,31,66
2026-06,VV-VITA-256,914.81,1057.74,30,49
2026-06,VV-VITA-88,910.72,1113.94,22,47
2026-06,VV-VITA-57-V,893.82,977.26,21,31
2026-06,VV-VITA-168,891.68,949.75,36,48
2026-06,VV-VITA-155,883.74,977.76,26,49
2026-06,VV-VITA-39,882.4,1036.77,24,58
2026-06,VV-VITA-38,851.2,960.56,53,66
2026-06,VV-VITA-225,825.5,1180.97,8,56
2026-06,VV-VITA-136,823.58,918.63,32,42
2026-06,VV-VITA-355,812.83,904.65,26,45
2026-06,VV-VITA-298,809.98,972.2,24,44
2026-06,VV-VITA-329,803.4,903.19,38,47
2026-06,VV-VITA-248,793.65,886.6,27,43
2026-06,VV-VITA-377,779.38,913.35,32,62
2026-06,VV-VITA-352,759.3,897,19,38
2026-06,VV-VITA-107,753.93,862.91,11,60
2026-06,VV-VITA-93,751.42,903.03,35,52
2026-06,VV-VITA-391,750.25,880.63,32,39
2026-06,VV-VITA-301,745,863.79,31,51
2026-06,VV-VITA-90,741.13,3921.28,212,223
2026-06,VV-VITA-183,714.24,812.53,16,32
2026-06,VV-VITA-216,707.04,818.27,23,37
2026-06,NX-CVPF-VCEZ,706.76,792.16,18,37
2026-06,VV-VITA-153,696.66,830.04,33,39
2026-06,VV-VITA-326,692.52,772.39,24,35
2026-06,VV-VITA-354,690.66,787.35,15,36
2026-06,VV-VITA-286,690.3,786.3,16,37
2026-06,VV-VITA-338,678.57,723.47,27,37
2026-06,VV-VITA-224,667.67,758.5,24,35
2026-06,VV-VITA-317,661.14,703.26,15,37
2026-06,VV-VITA-311,639.53,679.48,26,36
2026-06,VV-VITA-259,637.33,699.79,14,29
2026-06,VV-VITA-308,623.34,776.04,15,33
2026-06,VV-VITA-304,616.25,698.92,33,44
2026-06,VV-VITA-121,615.73,687.54,19,35
2026-06,VV-VITA-313,610.53,791.6,30,36
2026-06,VV-VITA-413,585.47,645.02,18,23
2026-06,VV-VITA-264,581.72,693.91,9,29
2026-06,VV-VITA-46,567.74,679.98,15,38
2026-06,VV-VITA-411,567.53,626.25,20,31
2026-06,VV-VITA-247,557.71,621.87,18,32
2026-06,VV-VITA-381,542.64,576.12,31,38
2026-06,VV-VITA-198,541.26,680.34,23,37
2026-06,VV-VITA-316,533.31,737.37,10,39
2026-06,VV-VITA-402,523.73,594.23,19,27
2026-06,VV-VITA-252,492.24,547.21,16,24
2026-06,VV-VITA-116,492.19,554.77,22,32
2026-06,VV-VITA-157,490.99,547.43,18,39
2026-06,VV-VITA-295,485.58,645.66,9,28
2026-06,VV-VITA-122,484.79,586.76,13,28
2026-06,VV-VITA-398,482.42,568.7,18,37
2026-06,VV-VITA-203,480.17,539.66,18,32
2026-06,VV-VITA-109,475.91,527.58,22,29
2026-06,VV-VITA-215,470.77,520.55,11,27
2026-06,CW-KVIN-V39Y,449.95,527.92,15,22
2026-06,VV-VITA-395,446.96,505.19,23,29
2026-06,VV-VITA-405,438.63,471.08,26,34
2026-06,VV-VITA-368,438.5,508.67,19,29
2026-06,VV-VITA-170,434.94,529.66,12,30
2026-06,VV-VITA-63,433.17,476.51,12,26
2026-06,VV-VITA-382,426.61,528.54,13,28
2026-06,VV-VITA-407,420.63,453.01,49,54
2026-06,VV-VITA-372,419.99,455.49,20,25
2026-06,VV-VITA-50,414.31,481.3,11,26
2026-06,TU-QNYD-JRRX,413.73,541.03,7,32
2026-06,VV-VITA-165,409.97,462.26,11,17
2026-06,VV-ALO-06,404.72,442.8,21,24
2026-06,VV-VITA-408,396.15,440.04,12,20
2026-06,VV-VITA-197,392.35,467.98,10,20
2026-06,VV-VITA-388,390.65,442.32,25,37
2026-06,VV-VITA-207,386.98,422.89,14,23
2026-06,VV-VITA-57-V2,386.06,449.88,14,20
2026-06,VV-VITA-250,382.3,459.79,16,24
2026-06,VV-VITA-386,374.16,398.67,10,19
2026-06,VV-VITA-318,368.78,380.12,10,22
2026-06,VV-VITA-174,368.63,374.85,11,20
2026-06,VV-VITA-375,366.25,404.82,16,24
2026-06,VI-ZU99-SZ0B,359.39,373.77,15,24
2026-06,VV-VITA-303,354.38,387.24,17,22
2026-06,VV-VITA-371,351.66,446.77,13,27
2026-06,VV-VITA-172,349.63,390,7,21
2026-06,VV-VITA-188,333.89,429.06,10,25
2026-06,VV-VITA-189,328.91,393.67,8,19
2026-06,VV-VITA-365,328.8,488.45,6,33
2026-06,VV-VITA-199,326.11,341.4,13,19
2026-06,VV-VITA-102,325.24,333.71,15,18
2026-06,VV-VITA-363,318.34,336.08,17,24
2026-06,VV-VITA-166,315.81,348.67,9,19
2026-06,VV-VITA-394,315.36,380.96,12,17
2026-06,VV-VITA-111,309.83,424,11,21
2026-06,VV-VITA-374,292.08,307.36,12,17
2026-06,VV-VITA-02,286.74,292.61,10,17
2026-06,VV-VITA-339,281.58,287.93,12,16
2026-06,VV-VITA-258,275.17,309.82,9,17
2026-06,VV-VITA-376,264.77,302.12,9,19
2026-06,VV-VITA-387,256.85,337.55,47,49
2026-06,VV-VITA-390,240.35,288.17,11,13
2026-06,VV-VITA-366,240,251.99,11,20
2026-06,VV-VITA-410,238.73,261.38,9,11
2026-06,VV-VITA-400,231.19,267.95,5,18
2026-06,VV-VITA-345,227.29,315.72,13,12
2026-06,CP-DQMG-RVN9,223.66,233.71,7,12
2026-06,VV-VITA-146,219.11,299.03,8,15
2026-06,VV-VITA-262,218.08,241.26,5,11
2026-06,VV-VITA-359,217.03,228.63,10,13
2026-06,VV-VITA-369,215.63,245.03,62,65
2026-06,VV-VITA-383,213.65,225.75,10,13
2026-06,VV-VITA-190,207.02,239.93,4,14
2026-06,VV-VITA-143,204.84,243.94,7,11
2026-06,VV-VITA-307,198.14,251.25,10,16
2026-06,VV-VITA-277,189.47,198.32,12,14
2026-06,VV-VITA-414,175.92,185.75,5,7
2026-06,VV-VITA-206,168.97,191.34,7,12
2026-06,VV-VITA-31,156.65,191.69,4,10
2026-06,VV-VITA-284,152.75,169.63,5,8
2026-06,VV-VITA-412,152.52,179.37,5,9
2026-06,VV-VITA-399,151.47,180.17,4,8
2026-06,VV-VITA-202,148.74,168.07,7,11
2026-06,VV-VITA-319,147.69,147.69,5,8
2026-06,VV-VITA-393,112.68,126.81,5,7
2026-06,VV-VITA-266,106.88,112.46,6,10
2026-06,VV-VITA-105,94.34,128.28,6,5
2026-06,VV-VITA-346,90.2,90.2,5,7
2026-06,VV-VITA-129,78.11,80.18,5,5
2026-06,VV-VITA-336,74.65,84.38,2,5
2026-06,VV-VITA-385,69.25,69.25,4,4
2026-06,VV-VITA-362,64.77,84.73,3,4
2026-06,VV-VITA-349,62.41,69.2,4,4
2026-06,VV-VITA-380,54.92,61.11,3,5
2026-06,VV-VITA-415,45.14,47.62,2,2
2026-06,VV-VITA-351,37.78,42.53,2,2
2026-06,VV-VITA-204,31.53,34.02,2,2
2026-06,VV-VITA-401,19.91,19.91,1,1
2026-06,VV-VITA-392,14.73,16.35,1,1
2026-06,VV-VITA-378,12.21,14.32,1,1
2026-06,VV-VITA-409,9.86,18.99,1,1
2026-06,VV-VITA-230,-0.52,20.72,1,0
2026-06,VV-VITA-358,-15.46,0,0,-1
2026-06,VV-VITA-86,-18.81,0,0,-1
2026-07,VV-VITA-223,1516.16,1826.28,42,77
2026-07,VV-VITA-231,1253.13,1475.76,28,51
2026-07,VV-VITA-320,1235.42,1350.89,33,62
2026-07,VV-VITA-364,995.2,1195.61,25,53
2026-07,VV-VITA-197,809.5,1245,1,50
2026-07,VV-VITA-243,736.37,2283.26,76,98
2026-07,VV-VITA-158,539.62,618.91,12,22
2026-07,VV-VITA-367,471.86,533.38,13,28
2026-07,VV-VITA-237,402.54,529.38,9,27
2026-07,VV-VITA-256,383.24,403.48,12,18
2026-07,VV-VITA-46,368.03,498.13,5,25
2026-07,VV-VITA-215,366.74,455.6,9,24
2026-07,VV-ALO-06,366.55,405.45,16,22
2026-07,VV-VITA-109,366.19,399.24,8,21
2026-07,VV-VITA-313,358.42,396.17,10,20
2026-07,VV-VITA-389,351.52,372.35,10,16
2026-07,VV-VITA-155,331.65,386.01,11,19
2026-07,VV-VITA-222,330.74,380.87,9,16
2026-07,VV-VITA-314,296.24,303.6,13,17
2026-07,VV-VITA-157,292.78,343.53,8,24
2026-07,VV-VITA-342,290.74,325.72,6,15
2026-07,VV-VITA-417,274.15,370.55,11,17
2026-07,VV-VITA-352,271.6,327.8,6,14
2026-07,VV-VITA-355,267.93,318.1,7,14
2026-07,VV-VITA-318,261.04,321.99,6,17
2026-07,VV-VITA-127,255.32,304.87,6,13
2026-07,VV-VITA-49,255.05,291.03,10,15
2026-07,VV-VITA-153,252.01,336.53,7,16
2026-07,CW-KVIN-V39Y,244.85,350.59,4,15
2026-07,VV-VITA-173,241.89,268.74,8,15
2026-07,VV-VITA-165,235.1,256.74,4,9
2026-07,VV-VITA-228,233.38,239.9,10,11
2026-07,VV-VITA-287,221.29,274.98,6,14
2026-07,VV-VITA-344,208.32,219.29,9,9
2026-07,VV-VITA-31,204.83,284.7,2,13
2026-07,VV-VITA-168,200.41,255.8,4,11
2026-07,VV-VITA-151,196.04,236.84,6,9
2026-07,VV-VITA-206,195.23,226.53,6,13
2026-07,VV-VITA-286,194.82,241.65,5,11
2026-07,VV-VITA-199,193.57,193.57,5,10
2026-07,VV-VITA-247,190.91,205.45,6,10
2026-07,VV-VITA-124,190.9,190.9,8,8
2026-07,VV-VITA-402,187.12,200.42,6,8
2026-07,VV-VITA-379,186.11,200.46,6,11
2026-07,VV-VITA-257,184.58,242.1,3,9
2026-07,VV-VITA-136,180.59,215.39,5,11
2026-07,VV-VITA-129,179.77,214.63,5,12
2026-07,VV-VITA-394,177.22,217.39,3,9
2026-07,VV-VITA-38,174.59,180.06,11,12
2026-07,BJ-E223-8EKW,173.06,175.58,6,7
2026-07,VV-VITA-304,172.84,200.51,6,13
2026-07,VV-VITA-146,172.61,211.99,6,11
2026-07,VV-VITA-258,171.02,171.02,2,10
2026-07,VV-VITA-338,166.09,219.57,4,11
2026-07,VV-VITA-329,161.69,194.89,8,9
2026-07,VV-VITA-94,157.29,207.2,6,7
2026-07,TU-QNYD-JRRX,155.4,168.62,4,9
2026-07,VV-VITA-119,154.15,154.15,5,8
2026-07,VV-VITA-39,153.58,158.37,5,8
2026-07,VV-VITA-198,153.13,153.13,5,8
2026-07,VV-VITA-369,146.17,178.09,11,12
2026-07,VV-VITA-171,145.93,210.31,4,6
2026-07,VV-VITA-264,143.96,148.79,4,6
2026-07,VV-VITA-391,143.43,158.05,6,7
2026-07,VV-VITA-403,140.74,144.72,7,7
2026-07,VV-VITA-310,137.71,150.76,4,7
2026-07,VV-VITA-170,136.12,189,3,10
2026-07,VV-VITA-248,134.07,138.52,4,6
2026-07,VV-VITA-413,131.76,142.03,5,5
2026-07,VV-VITA-303,131,132.81,5,7
2026-07,VV-VITA-354,129.52,133.88,4,6
2026-07,VV-VITA-172,129.4,199,1,10
2026-07,VV-VITA-298,127.37,161.75,4,7
2026-07,VV-VITA-308,123.68,178.04,2,7
2026-07,VV-VITA-159,122.3,142.67,4,6
2026-07,VV-VITA-361,120.76,129.24,5,7
2026-07,VV-VITA-277,119.36,119.36,5,8
2026-07,VV-VITA-88,118.69,168.85,3,7
2026-07,VV-VITA-57-V2,116.77,119.46,5,5
2026-07,VV-VITA-345,112.89,125.39,3,6
2026-07,VV-VITA-143,112.11,115.9,6,6
2026-07,VV-VITA-371,111.35,159,3,10
2026-07,VV-VITA-259,109.65,154.95,2,6
2026-07,VV-VITA-216,107.35,109.79,4,5
2026-07,VV-VITA-410,104.91,129.5,3,5
2026-07,VV-VITA-183,104.77,129.08,2,6
2026-07,VV-VITA-319,104.5,139.3,2,7
2026-07,VV-VITA-50,100.23,121.11,4,6
2026-07,VV-VITA-368,96.73,145.4,4,7
2026-07,VV-VITA-116,87.5,107.67,4,6
2026-07,VV-VITA-408,86.21,199.38,4,4
2026-07,VV-VITA-387,86.21,92.52,2,3
2026-07,2R-49NC-R697,85.83,87.63,4,5
2026-07,VV-VITA-349,85.38,118.3,2,7
2026-07,NX-CVPF-VCEZ,85.07,87.23,3,4
2026-07,VV-VITA-57-V,83.83,113.25,2,2
2026-07,VV-VITA-326,83.27,83.27,4,4
2026-07,VV-VITA-207,81.88,116.68,2,6
2026-07,VV-VITA-63,81.88,81.88,4,4
2026-07,VV-VITA-316,81.05,115.85,2,6
2026-07,VV-VITA-101,75.96,117.23,5,3
2026-07,VV-VITA-317,75.71,75.71,4,4
2026-07,VV-VITA-372,75.7,75.7,4,4
2026-07,VV-VITA-301,72.62,74.32,3,4
2026-07,VV-VITA-93,69.28,70.68,2,4
2026-07,VV-VITA-142,65.67,68.01,2,3
2026-07,VV-VITA-380,62.79,68.35,2,5
2026-07,VV-VITA-111,58.63,60.72,3,3
2026-07,VV-VITA-395,56.8,58.89,3,3
2026-07,VV-VITA-392,56.64,56.64,3,4
2026-07,VV-VITA-02,54.77,54.77,2,3
2026-07,VV-VITA-385,52.8,52.8,3,3
2026-07,VV-VITA-383,52.69,54.5,3,3
2026-07,VV-VITA-376,51.5,51.5,2,3
2026-07,VV-VITA-377,49.12,50.75,2,3
2026-07,VV-VITA-104,48.99,48.99,1,3
2026-07,VV-VITA-202,48.99,50.8,2,3
2026-07,VV-VITA-399,45.35,47.61,2,2
2026-07,VV-VITA-276,44.91,47.25,1,2
2026-07,VV-VITA-415,43.09,45.36,2,2
2026-07,VV-VITA-366,41.21,45.78,3,3
2026-07,CP-DQMG-RVN9,40.47,42.66,2,2
2026-07,VV-VITA-336,39.8,39.8,1,2
2026-07,VV-VITA-122,38.46,40.53,2,2
2026-07,VV-VITA-375,35.21,36.89,2,2
2026-07,VV-VITA-204,35.17,35.17,2,2
2026-07,VV-VITA-121,33.4,68.16,3,1
2026-07,VV-VITA-295,25.02,25.02,1,1
2026-07,VV-VITA-393,23.55,23.55,1,1
2026-07,VV-VITA-225,23.55,23.55,1,1
2026-07,VV-VITA-411,22.9,22.9,1,1
2026-07,VV-VITA-252,22.9,22.9,1,1
2026-07,VV-VITA-90,21.76,21.76,1,0
2026-07,VV-VITA-382,21.14,57.06,3,1
2026-07,VV-VITA-189,20.9,20.9,1,1
2026-07,VV-VITA-190,20.82,20.82,1,1
2026-07,VV-VITA-412,19.99,19.99,1,1
2026-07,VV-VITA-401,19.99,19.99,1,1
2026-07,VV-VITA-174,18.9,18.9,1,1
2026-07,VV-VITA-359,18.09,18.09,1,1
2026-07,VV-VITA-390,17.91,19.9,1,1
2026-07,VI-ZU99-SZ0B,17.9,17.9,1,1
2026-07,VV-VITA-188,17.9,17.9,1,1
2026-07,VV-VITA-107,16.02,16.02,1,1
2026-07,VV-VITA-346,15.45,15.45,1,1
2026-07,VV-VITA-400,15.23,15.23,1,1
2026-07,VV-VITA-363,15.21,16.9,1,1
2026-07,VV-VITA-405,13.68,15.9,1,1
2026-07,VV-VITA-407,0,0,1,1
2026-07,UNKNOWN,-0.9,0,0,-5
2026-07,VV-VITA-398,-2.69,45.97,2,-1
2026-07,VV-VITA-381,-16.4,0,0,-1
2026-07,VV-VITA-311,-18.91,0,0,-1
2026-07,VV-VITA-224,-56.58,0,0,-3
